{"v":"5.12.2","fr":29.9700012207031,"ip":0,"op":151.000006150356,"w":1920,"h":1080,"nm":"Comp 1","ddd":0,"assets":[],"layers":[{"ddd":0,"ind":1,"ty":3,"nm":"Null 1","sr":1,"ks":{"o":{"a":0,"k":0,"ix":11},"r":{"a":0,"k":0,"ix":10},"p":{"a":0,"k":[960,524,0],"ix":2,"l":2},"a":{"a":0,"k":[0,0,0],"ix":1,"l":2},"s":{"a":0,"k":[177,177,100],"ix":6,"l":2}},"ao":0,"ip":0,"op":300.00001221925,"st":0,"bm":0},{"ddd":0,"ind":2,"ty":4,"nm":"Layer 1 Outlines 2","parent":1,"sr":1,"ks":{"o":{"a":0,"k":100,"ix":11},"r":{"a":0,"k":0,"ix":10},"p":{"a":0,"k":[4.125,15.6,0],"ix":2,"l":2},"a":{"a":0,"k":[329.143,162.658,0],"ix":1,"l":2},"s":{"a":0,"k":[160,160,100],"ix":6,"l":2}},"ao":0,"ef":[{"ty":5,"nm":"Glow","np":16,"mn":"ADBE Glo2","ix":1,"en":1,"ef":[{"ty":7,"nm":"Glow Based On","mn":"ADBE Glo2-0001","ix":1,"v":{"a":0,"k":2,"ix":1}},{"ty":0,"nm":"Glow Threshold","mn":"ADBE Glo2-0002","ix":2,"v":{"a":0,"k":153,"ix":2}},{"ty":0,"nm":"Glow Radius","mn":"ADBE Glo2-0003","ix":3,"v":{"a":0,"k":17,"ix":3}},{"ty":0,"nm":"Glow Intensity","mn":"ADBE Glo2-0004","ix":4,"v":{"a":0,"k":1,"ix":4}},{"ty":7,"nm":"Composite Original","mn":"ADBE Glo2-0005","ix":5,"v":{"a":0,"k":2,"ix":5}},{"ty":7,"nm":"Glow Operation","mn":"ADBE Glo2-0006","ix":6,"v":{"a":0,"k":3,"ix":6}},{"ty":7,"nm":"Glow Colors","mn":"ADBE Glo2-0007","ix":7,"v":{"a":0,"k":1,"ix":7}},{"ty":7,"nm":"Color Looping","mn":"ADBE Glo2-0008","ix":8,"v":{"a":0,"k":3,"ix":8}},{"ty":0,"nm":"Color Loops","mn":"ADBE Glo2-0009","ix":9,"v":{"a":0,"k":1,"ix":9}},{"ty":0,"nm":"Color Phase","mn":"ADBE Glo2-0010","ix":10,"v":{"a":0,"k":0,"ix":10}},{"ty":0,"nm":"A & B Midpoint","mn":"ADBE Glo2-0011","ix":11,"v":{"a":0,"k":0.5,"ix":11}},{"ty":2,"nm":"Color A","mn":"ADBE Glo2-0012","ix":12,"v":{"a":0,"k":[1,1,1,0],"ix":12}},{"ty":2,"nm":"Color B","mn":"ADBE Glo2-0013","ix":13,"v":{"a":0,"k":[0,0,0,0],"ix":13}},{"ty":7,"nm":"Glow Dimensions","mn":"ADBE Glo2-0014","ix":14,"v":{"a":0,"k":1,"ix":14}}]},{"ty":5,"nm":"Glow 2","np":16,"mn":"ADBE Glo2","ix":2,"en":1,"ef":[{"ty":7,"nm":"Glow Based On","mn":"ADBE Glo2-0001","ix":1,"v":{"a":0,"k":2,"ix":1}},{"ty":0,"nm":"Glow Threshold","mn":"ADBE Glo2-0002","ix":2,"v":{"a":0,"k":153,"ix":2}},{"ty":0,"nm":"Glow Radius","mn":"ADBE Glo2-0003","ix":3,"v":{"a":0,"k":17,"ix":3}},{"ty":0,"nm":"Glow Intensity","mn":"ADBE Glo2-0004","ix":4,"v":{"a":0,"k":1,"ix":4}},{"ty":7,"nm":"Composite Original","mn":"ADBE Glo2-0005","ix":5,"v":{"a":0,"k":2,"ix":5}},{"ty":7,"nm":"Glow Operation","mn":"ADBE Glo2-0006","ix":6,"v":{"a":0,"k":3,"ix":6}},{"ty":7,"nm":"Glow Colors","mn":"ADBE Glo2-0007","ix":7,"v":{"a":0,"k":1,"ix":7}},{"ty":7,"nm":"Color Looping","mn":"ADBE Glo2-0008","ix":8,"v":{"a":0,"k":3,"ix":8}},{"ty":0,"nm":"Color Loops","mn":"ADBE Glo2-0009","ix":9,"v":{"a":0,"k":1,"ix":9}},{"ty":0,"nm":"Color Phase","mn":"ADBE Glo2-0010","ix":10,"v":{"a":0,"k":0,"ix":10}},{"ty":0,"nm":"A & B Midpoint","mn":"ADBE Glo2-0011","ix":11,"v":{"a":0,"k":0.5,"ix":11}},{"ty":2,"nm":"Color A","mn":"ADBE Glo2-0012","ix":12,"v":{"a":0,"k":[1,1,1,0],"ix":12}},{"ty":2,"nm":"Color B","mn":"ADBE Glo2-0013","ix":13,"v":{"a":0,"k":[0,0,0,0],"ix":13}},{"ty":7,"nm":"Glow Dimensions","mn":"ADBE Glo2-0014","ix":14,"v":{"a":0,"k":1,"ix":14}}]},{"ty":5,"nm":"4-Color Gradient","np":16,"mn":"ADBE 4ColorGradient","ix":3,"en":1,"ef":[{"ty":6,"nm":"Positions & Colors","mn":"ADBE 4ColorGradient-0011","ix":1,"v":0},{"ty":3,"nm":"Point 1","mn":"ADBE 4ColorGradient-0001","ix":2,"v":{"a":0,"k":[192,108],"ix":2}},{"ty":2,"nm":"Color 1","mn":"ADBE 4ColorGradient-0002","ix":3,"v":{"a":0,"k":[0.74028801918,0.321568608284,1,1],"ix":3}},{"ty":3,"nm":"Point 2","mn":"ADBE 4ColorGradient-0003","ix":4,"v":{"a":0,"k":[1728,108],"ix":4}},{"ty":2,"nm":"Color 2","mn":"ADBE 4ColorGradient-0004","ix":5,"v":{"a":0,"k":[0.729411780834,0.521568655968,0.882352948189,1],"ix":5}},{"ty":3,"nm":"Point 3","mn":"ADBE 4ColorGradient-0005","ix":6,"v":{"a":0,"k":[192,972],"ix":6}},{"ty":2,"nm":"Color 3","mn":"ADBE 4ColorGradient-0006","ix":7,"v":{"a":0,"k":[0.749019622803,0.439215689898,0.941176474094,1],"ix":7}},{"ty":3,"nm":"Point 4","mn":"ADBE 4ColorGradient-0007","ix":8,"v":{"a":0,"k":[1728,972],"ix":8}},{"ty":2,"nm":"Color 4","mn":"ADBE 4ColorGradient-0008","ix":9,"v":{"a":0,"k":[0.74028801918,0.321568608284,1,1],"ix":9}},{"ty":6,"nm":"Color 4","mn":"ADBE 4ColorGradient-0012","ix":10,"v":0},{"ty":0,"nm":"Blend","mn":"ADBE 4ColorGradient-0009","ix":11,"v":{"a":0,"k":100,"ix":11}},{"ty":0,"nm":"Jitter","mn":"ADBE 4ColorGradient-0010","ix":12,"v":{"a":0,"k":0,"ix":12}},{"ty":0,"nm":"Opacity","mn":"ADBE 4ColorGradient-0013","ix":13,"v":{"a":0,"k":100,"ix":13}},{"ty":7,"nm":"Blending Mode","mn":"ADBE 4ColorGradient-0014","ix":14,"v":{"a":0,"k":1,"ix":14}}]}],"shapes":[{"ty":"gr","it":[{"ind":0,"ty":"sh","ix":1,"ks":{"a":0,"k":{"i":[[20.069,0],[0,0],[4.657,-8.066],[0,0],[0,0],[-4.657,-8.065],[0,0],[-10.029,17.388],[0,0],[0,0]],"o":[[0,0],[-9.314,0],[0,0],[0,0],[-4.655,8.066],[0,0],[10.037,17.383],[0,0],[0,0],[10.034,-17.38]],"v":[[106.908,-162.408],[-21.643,-162.408],[-44.219,-149.372],[-120.988,-16.413],[-134.865,7.63],[-134.862,33.698],[-70.581,145.025],[-25.42,145.014],[-19.423,134.614],[129.485,-123.302]],"c":true},"ix":2},"nm":"Path 1","mn":"ADBE Vector Shape - Group","hd":false},{"ty":"tr","p":{"a":0,"k":[139.77,162.658],"ix":2},"a":{"a":0,"k":[0,0],"ix":1},"s":{"a":0,"k":[100,100],"ix":3},"r":{"a":0,"k":0,"ix":6},"o":{"a":0,"k":100,"ix":7},"sk":{"a":0,"k":0,"ix":4},"sa":{"a":0,"k":0,"ix":5},"nm":"Transform"}],"nm":"Group 1","np":2,"cix":2,"bm":0,"ix":1,"mn":"ADBE Vector Group","hd":false},{"ty":"gr","it":[{"ind":0,"ty":"sh","ix":1,"ks":{"a":0,"k":{"i":[[20.069,0],[0,0],[4.657,-8.066],[0,0],[0,0],[-4.657,-8.065],[0,0],[-10.029,17.388],[0,0],[0,0]],"o":[[0,0],[-9.314,0],[0,0],[0,0],[-4.655,8.066],[0,0],[10.037,17.383],[0,0],[0,0],[10.034,-17.38]],"v":[[106.908,-162.408],[-21.643,-162.408],[-44.219,-149.372],[-120.988,-16.413],[-134.865,7.63],[-134.862,33.698],[-70.581,145.025],[-25.42,145.014],[-19.422,134.614],[129.485,-123.302]],"c":true},"ix":2},"nm":"Path 1","mn":"ADBE Vector Shape - Group","hd":false},{"ty":"tr","p":{"a":0,"k":[363.551,162.658],"ix":2},"a":{"a":0,"k":[0,0],"ix":1},"s":{"a":0,"k":[100,100],"ix":3},"r":{"a":0,"k":0,"ix":6},"o":{"a":0,"k":100,"ix":7},"sk":{"a":0,"k":0,"ix":4},"sa":{"a":0,"k":0,"ix":5},"nm":"Transform"}],"nm":"Group 2","np":2,"cix":2,"bm":0,"ix":2,"mn":"ADBE Vector Group","hd":false},{"ty":"gr","it":[{"ind":0,"ty":"sh","ix":1,"ks":{"a":0,"k":{"i":[[10.02,17.388],[0,0],[0,0],[0,0],[0,0],[0,0],[-9.304,0],[0,0]],"o":[[0,0],[0,0],[0,0],[0,0],[0,0],[4.631,8.083],[0,0],[20.084,0]],"v":[[107.133,92.923],[2.758,-87.829],[-22.799,-132.037],[-117.153,31.367],[-98.797,63.198],[-66.587,118.985],[-44.02,132.037],[84.565,132.037]],"c":true},"ix":2},"nm":"Path 1","mn":"ADBE Vector Shape - Group","hd":false},{"ty":"rd","nm":"Round Corners 1","r":{"a":0,"k":24,"ix":1},"ix":2,"mn":"ADBE Vector Filter - RC","hd":false},{"ty":"tr","p":{"a":0,"k":[540.882,188.662],"ix":2},"a":{"a":0,"k":[0,0],"ix":1},"s":{"a":0,"k":[100,100],"ix":3},"r":{"a":0,"k":0,"ix":6},"o":{"a":0,"k":100,"ix":7},"sk":{"a":0,"k":0,"ix":4},"sa":{"a":0,"k":0,"ix":5},"nm":"Transform"}],"nm":"Group 3","np":3,"cix":2,"bm":0,"ix":3,"mn":"ADBE Vector Group","hd":false},{"ty":"tm","s":{"a":0,"k":0,"ix":1},"e":{"a":0,"k":50,"ix":2},"o":{"a":1,"k":[{"i":{"x":[0.833],"y":[0.833]},"o":{"x":[0.167],"y":[0.167]},"t":0,"s":[0]},{"t":150.000006109625,"s":[360]}],"ix":3},"m":1,"ix":4,"nm":"Trim Paths 1","mn":"ADBE Vector Filter - Trim","hd":false},{"ty":"st","c":{"a":0,"k":[0.749019607843,0.439215686275,0.941176470588,1],"ix":3},"o":{"a":0,"k":100,"ix":4},"w":{"a":0,"k":6,"ix":5},"lc":2,"lj":1,"ml":4,"bm":0,"nm":"Stroke 1","mn":"ADBE Vector Graphic - Stroke","hd":false}],"ip":0,"op":302.000012300712,"st":0,"ct":1,"bm":0},{"ddd":0,"ind":3,"ty":4,"nm":"Layer 1 Outlines","parent":1,"sr":1,"ks":{"o":{"a":0,"k":10,"ix":11},"r":{"a":0,"k":0,"ix":10},"p":{"a":0,"k":[4.125,15.6,0],"ix":2,"l":2},"a":{"a":0,"k":[329.143,162.658,0],"ix":1,"l":2},"s":{"a":0,"k":[160,160,100],"ix":6,"l":2}},"ao":0,"ef":[{"ty":5,"nm":"4-Color Gradient","np":16,"mn":"ADBE 4ColorGradient","ix":1,"en":1,"ef":[{"ty":6,"nm":"Positions & Colors","mn":"ADBE 4ColorGradient-0011","ix":1,"v":0},{"ty":3,"nm":"Point 1","mn":"ADBE 4ColorGradient-0001","ix":2,"v":{"a":0,"k":[192,108],"ix":2}},{"ty":2,"nm":"Color 1","mn":"ADBE 4ColorGradient-0002","ix":3,"v":{"a":0,"k":[0.749019622803,0.439215689898,0.941176474094,1],"ix":3}},{"ty":3,"nm":"Point 2","mn":"ADBE 4ColorGradient-0003","ix":4,"v":{"a":0,"k":[1728,108],"ix":4}},{"ty":2,"nm":"Color 2","mn":"ADBE 4ColorGradient-0004","ix":5,"v":{"a":0,"k":[0.729411780834,0.521568655968,0.882352948189,1],"ix":5}},{"ty":3,"nm":"Point 3","mn":"ADBE 4ColorGradient-0005","ix":6,"v":{"a":0,"k":[192,972],"ix":6}},{"ty":2,"nm":"Color 3","mn":"ADBE 4ColorGradient-0006","ix":7,"v":{"a":0,"k":[0.749019622803,0.439215689898,0.941176474094,1],"ix":7}},{"ty":3,"nm":"Point 4","mn":"ADBE 4ColorGradient-0007","ix":8,"v":{"a":0,"k":[1728,972],"ix":8}},{"ty":2,"nm":"Color 4","mn":"ADBE 4ColorGradient-0008","ix":9,"v":{"a":0,"k":[0.956862747669,0.949019610882,0.960784316063,1],"ix":9}},{"ty":6,"nm":"Color 4","mn":"ADBE 4ColorGradient-0012","ix":10,"v":0},{"ty":0,"nm":"Blend","mn":"ADBE 4ColorGradient-0009","ix":11,"v":{"a":0,"k":100,"ix":11}},{"ty":0,"nm":"Jitter","mn":"ADBE 4ColorGradient-0010","ix":12,"v":{"a":0,"k":0,"ix":12}},{"ty":0,"nm":"Opacity","mn":"ADBE 4ColorGradient-0013","ix":13,"v":{"a":0,"k":100,"ix":13}},{"ty":7,"nm":"Blending Mode","mn":"ADBE 4ColorGradient-0014","ix":14,"v":{"a":0,"k":1,"ix":14}}]}],"shapes":[{"ty":"gr","it":[{"ind":0,"ty":"sh","ix":1,"ks":{"a":0,"k":{"i":[[20.069,0],[0,0],[4.657,-8.066],[0,0],[0,0],[-4.657,-8.065],[0,0],[-10.029,17.388],[0,0],[0,0]],"o":[[0,0],[-9.314,0],[0,0],[0,0],[-4.655,8.066],[0,0],[10.037,17.383],[0,0],[0,0],[10.034,-17.38]],"v":[[106.908,-162.408],[-21.643,-162.408],[-44.219,-149.372],[-120.988,-16.413],[-134.865,7.63],[-134.862,33.698],[-70.581,145.025],[-25.42,145.014],[-19.423,134.614],[129.485,-123.302]],"c":true},"ix":2},"nm":"Path 1","mn":"ADBE Vector Shape - Group","hd":false},{"ty":"tr","p":{"a":0,"k":[139.77,162.658],"ix":2},"a":{"a":0,"k":[0,0],"ix":1},"s":{"a":0,"k":[100,100],"ix":3},"r":{"a":0,"k":0,"ix":6},"o":{"a":0,"k":100,"ix":7},"sk":{"a":0,"k":0,"ix":4},"sa":{"a":0,"k":0,"ix":5},"nm":"Transform"}],"nm":"Group 1","np":2,"cix":2,"bm":0,"ix":1,"mn":"ADBE Vector Group","hd":false},{"ty":"gr","it":[{"ind":0,"ty":"sh","ix":1,"ks":{"a":0,"k":{"i":[[20.069,0],[0,0],[4.657,-8.066],[0,0],[0,0],[-4.657,-8.065],[0,0],[-10.029,17.388],[0,0],[0,0]],"o":[[0,0],[-9.314,0],[0,0],[0,0],[-4.655,8.066],[0,0],[10.037,17.383],[0,0],[0,0],[10.034,-17.38]],"v":[[106.908,-162.408],[-21.643,-162.408],[-44.219,-149.372],[-120.988,-16.413],[-134.865,7.63],[-134.862,33.698],[-70.581,145.025],[-25.42,145.014],[-19.422,134.614],[129.485,-123.302]],"c":true},"ix":2},"nm":"Path 1","mn":"ADBE Vector Shape - Group","hd":false},{"ty":"tr","p":{"a":0,"k":[363.551,162.658],"ix":2},"a":{"a":0,"k":[0,0],"ix":1},"s":{"a":0,"k":[100,100],"ix":3},"r":{"a":0,"k":0,"ix":6},"o":{"a":0,"k":100,"ix":7},"sk":{"a":0,"k":0,"ix":4},"sa":{"a":0,"k":0,"ix":5},"nm":"Transform"}],"nm":"Group 2","np":2,"cix":2,"bm":0,"ix":2,"mn":"ADBE Vector Group","hd":false},{"ty":"gr","it":[{"ind":0,"ty":"sh","ix":1,"ks":{"a":0,"k":{"i":[[10.02,17.388],[0,0],[0,0],[0,0],[0,0],[0,0],[-9.304,0],[0,0]],"o":[[0,0],[0,0],[0,0],[0,0],[0,0],[4.631,8.083],[0,0],[20.084,0]],"v":[[107.133,92.923],[2.758,-87.829],[-22.799,-132.037],[-117.153,31.367],[-98.797,63.198],[-66.587,118.985],[-44.02,132.037],[84.565,132.037]],"c":true},"ix":2},"nm":"Path 1","mn":"ADBE Vector Shape - Group","hd":false},{"ty":"rd","nm":"Round Corners 1","r":{"a":0,"k":24,"ix":1},"ix":3,"mn":"ADBE Vector Filter - RC","hd":false},{"ty":"tr","p":{"a":0,"k":[540.882,188.662],"ix":2},"a":{"a":0,"k":[0,0],"ix":1},"s":{"a":0,"k":[100,100],"ix":3},"r":{"a":0,"k":0,"ix":6},"o":{"a":0,"k":100,"ix":7},"sk":{"a":0,"k":0,"ix":4},"sa":{"a":0,"k":0,"ix":5},"nm":"Transform"}],"nm":"Group 3","np":3,"cix":2,"bm":0,"ix":3,"mn":"ADBE Vector Group","hd":false},{"ty":"gs","o":{"a":0,"k":100,"ix":9},"w":{"a":0,"k":3,"ix":10},"g":{"p":2,"k":{"a":0,"k":[0,1,1,1,1,0,0,0],"ix":8}},"s":{"a":0,"k":[0,0],"ix":4},"e":{"a":0,"k":[100,0],"ix":5},"t":1,"lc":1,"lj":1,"ml":4,"ml2":{"a":0,"k":4,"ix":13},"bm":0,"nm":"Gradient Stroke 1","mn":"ADBE Vector Graphic - G-Stroke","hd":false}],"ip":0,"op":302.000012300712,"st":0,"ct":1,"bm":0}],"markers":[],"props":{}}