{"v":"5.12.2","fr":60,"ip":0,"op":300,"w":105,"h":56,"nm":"Frame","ddd":0,"assets":[{"id":"comp_0","nm":"Pre-comp 2","fr":60,"layers":[{"ddd":0,"ind":1,"ty":4,"nm":"Layer 2 Outlines","sr":1,"ks":{"o":{"a":0,"k":100,"ix":11},"r":{"a":0,"k":0,"ix":10},"p":{"a":0,"k":[1096.26,555.855,0],"ix":2,"l":2},"a":{"a":0,"k":[127.498,136.492,0],"ix":1,"l":2},"s":{"a":0,"k":[100,100,100],"ix":6,"l":2}},"ao":0,"shapes":[{"ty":"gr","it":[{"ind":0,"ty":"sh","ix":1,"ks":{"a":0,"k":{"i":[[0,0],[0,0],[-6.374,-0.022],[0,0],[9.981,17.322],[0,0],[4.45,0]],"o":[[0,0],[3.219,5.502],[0,0],[19.992,0.071],[0,0],[-2.222,-3.856],[0,0]],"v":[[-84.998,21.927],[-48.263,84.707],[-32.781,93.621],[52.459,93.921],[75.017,55.045],[-7.27,-87.761],[-18.054,-93.992]],"c":false},"ix":2},"nm":"Path 1","mn":"ADBE Vector Shape - Group","hd":false},{"ty":"st","c":{"a":0,"k":[1,1,1,1],"ix":3},"o":{"a":0,"k":100,"ix":4},"w":{"a":0,"k":21,"ix":5},"lc":2,"lj":1,"ml":10,"bm":0,"nm":"Stroke 1","mn":"ADBE Vector Graphic - Stroke","hd":false},{"ty":"tr","p":{"a":0,"k":[127.498,136.492],"ix":2},"a":{"a":0,"k":[0,0],"ix":1},"s":{"a":0,"k":[100,100],"ix":3},"r":{"a":0,"k":0,"ix":6},"o":{"a":0,"k":100,"ix":7},"sk":{"a":0,"k":0,"ix":4},"sa":{"a":0,"k":0,"ix":5},"nm":"Transform"}],"nm":"Group 1","np":2,"cix":2,"bm":0,"ix":1,"mn":"ADBE Vector Group","hd":false},{"ty":"tm","s":{"a":0,"k":0,"ix":1},"e":{"a":0,"k":78,"ix":2},"o":{"a":1,"k":[{"i":{"x":[0.833],"y":[0.833]},"o":{"x":[0.167],"y":[0.167]},"t":0,"s":[-273]},{"t":300,"s":[1800]}],"ix":3},"m":1,"ix":2,"nm":"Trim Paths 1","mn":"ADBE Vector Filter - Trim","hd":false}],"ip":0,"op":900,"st":0,"ct":1,"bm":0},{"ddd":0,"ind":2,"ty":4,"nm":"Layer 3 Outlines","sr":1,"ks":{"o":{"a":0,"k":100,"ix":11},"r":{"a":0,"k":0,"ix":10},"p":{"a":0,"k":[984.32,542.314,0],"ix":2,"l":2},"a":{"a":0,"k":[141.367,155.544,0],"ix":1,"l":2},"s":{"a":0,"k":[100,100,100],"ix":6,"l":2}},"ao":0,"shapes":[{"ty":"gr","it":[{"ind":0,"ty":"sh","ix":1,"ks":{"a":0,"k":{"i":[[-4.9,-8.357],[0,0],[-10.58,18.721],[0,0],[19.319,0.192],[0,0],[3.713,-6.443],[0,0]],"o":[[0,0],[10.876,18.55],[0,0],[9.506,-16.819],[0,0],[-7.435,-0.141],[0,0],[-4.836,8.395]],"v":[[-93.927,26.592],[-54.113,94.494],[-5.767,94.109],[89.361,-74.203],[67.519,-112.064],[-17.079,-112.904],[-35.15,-102.688],[-94.03,-0.503]],"c":true},"ix":2},"nm":"Path 1","mn":"ADBE Vector Shape - Group","hd":false},{"ty":"st","c":{"a":0,"k":[1,1,1,1],"ix":3},"o":{"a":0,"k":100,"ix":4},"w":{"a":0,"k":21,"ix":5},"lc":2,"lj":1,"ml":10,"bm":0,"nm":"Stroke 1","mn":"ADBE Vector Graphic - Stroke","hd":false},{"ty":"tr","p":{"a":0,"k":[141.366,155.545],"ix":2},"a":{"a":0,"k":[0,0],"ix":1},"s":{"a":0,"k":[100,100],"ix":3},"r":{"a":0,"k":0,"ix":6},"o":{"a":0,"k":100,"ix":7},"sk":{"a":0,"k":0,"ix":4},"sa":{"a":0,"k":0,"ix":5},"nm":"Transform"}],"nm":"Group 1","np":2,"cix":2,"bm":0,"ix":1,"mn":"ADBE Vector Group","hd":false},{"ty":"tm","s":{"a":0,"k":0,"ix":1},"e":{"a":0,"k":86,"ix":2},"o":{"a":1,"k":[{"i":{"x":[0.833],"y":[0.833]},"o":{"x":[0.167],"y":[0.167]},"t":0,"s":[77]},{"t":300,"s":[1800]}],"ix":3},"m":1,"ix":2,"nm":"Trim Paths 1","mn":"ADBE Vector Filter - Trim","hd":false}],"ip":0,"op":900,"st":0,"ct":1,"bm":0},{"ddd":0,"ind":3,"ty":4,"nm":"Layer 4 Outlines","sr":1,"ks":{"o":{"a":0,"k":100,"ix":11},"r":{"a":0,"k":0,"ix":10},"p":{"a":0,"k":[842.851,542.314,0],"ix":2,"l":2},"a":{"a":0,"k":[141.367,155.544,0],"ix":1,"l":2},"s":{"a":0,"k":[100,100,100],"ix":6,"l":2}},"ao":0,"shapes":[{"ty":"gr","it":[{"ind":0,"ty":"sh","ix":1,"ks":{"a":0,"k":{"i":[[-4.9,-8.357],[0,0],[-10.58,18.721],[0,0],[19.318,0.192],[0,0],[3.713,-6.443],[0,0]],"o":[[0,0],[10.876,18.55],[0,0],[9.506,-16.819],[0,0],[-7.435,-0.141],[0,0],[-4.836,8.395]],"v":[[-93.927,26.592],[-54.114,94.494],[-5.767,94.109],[89.36,-74.203],[67.521,-112.064],[-17.08,-112.904],[-35.151,-102.688],[-94.031,-0.503]],"c":true},"ix":2},"nm":"Path 1","mn":"ADBE Vector Shape - Group","hd":false},{"ty":"st","c":{"a":0,"k":[1,1,1,1],"ix":3},"o":{"a":0,"k":100,"ix":4},"w":{"a":0,"k":21,"ix":5},"lc":2,"lj":1,"ml":10,"bm":0,"nm":"Stroke 1","mn":"ADBE Vector Graphic - Stroke","hd":false},{"ty":"tr","p":{"a":0,"k":[141.366,155.545],"ix":2},"a":{"a":0,"k":[0,0],"ix":1},"s":{"a":0,"k":[100,100],"ix":3},"r":{"a":0,"k":0,"ix":6},"o":{"a":0,"k":100,"ix":7},"sk":{"a":0,"k":0,"ix":4},"sa":{"a":0,"k":0,"ix":5},"nm":"Transform"}],"nm":"Group 1","np":2,"cix":2,"bm":0,"ix":1,"mn":"ADBE Vector Group","hd":false},{"ty":"tm","s":{"a":0,"k":0,"ix":1},"e":{"a":0,"k":86,"ix":2},"o":{"a":1,"k":[{"i":{"x":[0.833],"y":[0.833]},"o":{"x":[0.167],"y":[0.167]},"t":0,"s":[0]},{"t":300,"s":[1800]}],"ix":3},"m":1,"ix":2,"nm":"Trim Paths 1","mn":"ADBE Vector Filter - Trim","hd":false}],"ip":0,"op":900,"st":0,"ct":1,"bm":0}]}],"layers":[{"ddd":0,"ind":1,"ty":0,"nm":"Pre-comp 2","refId":"comp_0","sr":1,"ks":{"o":{"a":0,"k":100,"ix":11},"r":{"a":0,"k":0,"ix":10},"p":{"a":0,"k":[52.5,27.75,0],"ix":2,"l":2},"a":{"a":0,"k":[960,540,0],"ix":1,"l":2},"s":{"a":0,"k":[22.63,22.63,100],"ix":6,"l":2}},"ao":0,"ef":[{"ty":5,"nm":"Gradient Ramp","np":10,"mn":"ADBE Ramp","ix":1,"en":1,"ef":[{"ty":3,"nm":"Start of Ramp","mn":"ADBE Ramp-0001","ix":1,"v":{"a":1,"k":[{"i":{"x":0.667,"y":1},"o":{"x":0.333,"y":0},"t":0,"s":[764,444],"to":[70.044,28.889],"ti":[0,0]},{"i":{"x":0.667,"y":1},"o":{"x":0.167,"y":0},"t":90,"s":[1184.264,617.332],"to":[0,0],"ti":[70.044,28.889]},{"t":180,"s":[764,444]}],"ix":1}},{"ty":2,"nm":"Start Color","mn":"ADBE Ramp-0002","ix":2,"v":{"a":0,"k":[0.388235300779,0.192156866193,0.945098042488,1],"ix":2}},{"ty":3,"nm":"End of Ramp","mn":"ADBE Ramp-0003","ix":3,"v":{"a":1,"k":[{"i":{"x":0.667,"y":1},"o":{"x":0.333,"y":0},"t":0,"s":[1192,648],"to":[-76.78,-11.047],"ti":[0,0]},{"i":{"x":0.667,"y":1},"o":{"x":0.167,"y":0},"t":90,"s":[731.321,581.715],"to":[0,0],"ti":[-76.78,-11.047]},{"t":180,"s":[1192,648]}],"ix":3}},{"ty":2,"nm":"End Color","mn":"ADBE Ramp-0004","ix":4,"v":{"a":0,"k":[0.607843160629,0.509803950787,0.992156863213,1],"ix":4}},{"ty":7,"nm":"Ramp Shape","mn":"ADBE Ramp-0005","ix":5,"v":{"a":0,"k":1,"ix":5}},{"ty":0,"nm":"Ramp Scatter","mn":"ADBE Ramp-0006","ix":6,"v":{"a":0,"k":0,"ix":6}},{"ty":0,"nm":"Blend With Original","mn":"ADBE Ramp-0007","ix":7,"v":{"a":0,"k":0,"ix":7}},{"ty":6,"nm":"","mn":"ADBE Ramp-0008","ix":8,"v":0}]}],"w":1920,"h":1080,"ip":0,"op":900,"st":0,"bm":0},{"ddd":0,"ind":2,"ty":4,"nm":"XMLID_1_","sr":1,"ks":{"o":{"a":0,"k":25,"ix":11},"r":{"a":0,"k":0,"ix":10},"p":{"a":0,"k":[52.501,28,0],"ix":2,"l":2},"a":{"a":0,"k":[0,0,0],"ix":1,"l":2},"s":{"a":0,"k":[100,100,100],"ix":6,"l":2}},"ao":0,"shapes":[{"ty":"gr","it":[{"ind":0,"ty":"sh","ix":1,"ks":{"a":0,"k":{"i":[[0,0],[0,0],[1.479,-2.55],[2.952,0],[0,0],[1.45,2.523],[0,0],[0,0],[0,0],[0,0],[1.216,-0.699],[1.475,0],[1.478,2.551],[0,0],[0,0],[0,0],[2.954,0],[0,0],[1.475,2.551],[0,0],[-1.454,2.515],[0,0],[0,0],[-2.909,0],[0,0],[-1.478,-2.537],[-2.899,0],[0,0],[-1.474,-2.551],[0.063,-1.512],[-0.58,-1]],"o":[[0,0],[1.476,2.558],[-1.475,2.549],[0,0],[-2.918,0],[0,0],[0,0],[0,0],[0,0],[-0.739,1.276],[-1.216,0.701],[-2.953,0],[0,0],[0,0],[0,0],[-1.478,2.551],[0,0],[-2.95,0],[0,0],[-1.454,-2.515],[0,0],[0,0],[1.454,-2.512],[0,0],[2.943,0],[1.459,-2.499],[0,0],[2.954,0],[0.798,1.379],[1.089,0.288],[0,0]],"v":[[35.917,-10.973],[51.393,15.769],[51.391,23.926],[44.32,27.996],[25.255,27.996],[18.175,23.904],[13.408,15.665],[11.818,12.913],[6.338,22.384],[5.449,23.922],[2.465,26.918],[-1.626,28],[-8.701,23.925],[-18.216,7.477],[-26.842,22.384],[-27.729,23.922],[-34.804,28],[-34.806,28],[-41.879,23.925],[-51.41,7.454],[-51.41,-0.697],[-49.352,-4.252],[-37.97,-23.925],[-30.895,-28],[-11.837,-28],[-4.779,-23.948],[2.282,-28],[21.34,-28],[28.414,-23.925],[29.51,-19.512],[32.126,-17.513]],"c":true},"ix":2},"nm":"Path 1","mn":"ADBE Vector Shape - Group","hd":false},{"ind":1,"ty":"sh","ix":2,"ks":{"a":0,"k":{"i":[[-1.487,2.573],[0,0],[0,0],[2.974,0],[0,0],[0.69,-1.192],[0,0],[0,0],[-0.69,-1.194],[0,0]],"o":[[0,0],[0,0],[1.487,-2.57],[0,0],[-1.379,0],[0,0],[0,0],[-0.693,1.194],[0,0],[1.487,2.573]],"v":[[-31.456,21.776],[-30.567,20.237],[-8.489,-17.922],[-11.837,-23.706],[-30.897,-23.706],[-34.243,-21.779],[-45.625,-2.106],[-47.682,1.45],[-47.682,5.307],[-38.151,21.778]],"c":true},"ix":2},"nm":"Path 2","mn":"ADBE Vector Shape - Group","hd":false},{"ty":"tm","s":{"a":0,"k":0,"ix":1},"e":{"a":0,"k":100,"ix":2},"o":{"a":0,"k":0,"ix":3},"m":1,"ix":3,"nm":"Trim Paths 2","mn":"ADBE Vector Filter - Trim","hd":false},{"ind":3,"ty":"sh","ix":4,"ks":{"a":0,"k":{"i":[[-1.487,2.573],[0,0],[0,0],[2.977,0],[0,0],[0.69,-1.192],[0,0],[0,0],[-0.69,-1.194],[0,0]],"o":[[0,0],[0,0],[1.489,-2.57],[0,0],[-1.382,0],[0,0],[0,0],[-0.69,1.194],[0,0],[1.487,2.573]],"v":[[1.721,21.776],[2.611,20.237],[24.688,-17.922],[21.34,-23.706],[2.282,-23.706],[-1.066,-21.779],[-12.448,-2.106],[-14.505,1.45],[-14.505,5.307],[-4.974,21.778]],"c":true},"ix":2},"nm":"Path 3","mn":"ADBE Vector Shape - Group","hd":false},{"ind":4,"ty":"sh","ix":5,"ks":{"a":0,"k":{"i":[[-1.379,0],[0,0],[1.487,2.573],[0,0],[0,0],[0,0],[0,0],[0,0]],"o":[[0,0],[2.977,0],[0,0],[0,0],[0,0],[0,0],[0,0],[0.688,1.196]],"v":[[25.256,23.705],[44.32,23.705],[47.666,17.916],[32.192,-8.824],[28.401,-15.364],[14.413,8.81],[17.134,13.52],[21.911,21.773]],"c":true},"ix":2},"nm":"Path 4","mn":"ADBE Vector Shape - Group","hd":false},{"ty":"gf","o":{"a":0,"k":100,"ix":10},"r":1,"bm":0,"g":{"p":3,"k":{"a":0,"k":[0,0.2,0.62,1,0.5,0.339,0.486,0.986,1,0.478,0.353,0.973],"ix":9}},"s":{"a":0,"k":[-39.021,-23.571],"ix":5},"e":{"a":0,"k":[42.392,35.855],"ix":6},"t":1,"nm":"Gradient Fill 1","mn":"ADBE Vector Graphic - G-Fill","hd":false},{"ty":"tr","p":{"a":0,"k":[0,0],"ix":2},"a":{"a":0,"k":[0,0],"ix":1},"s":{"a":0,"k":[100,100],"ix":3},"r":{"a":0,"k":0,"ix":6},"o":{"a":0,"k":100,"ix":7},"sk":{"a":0,"k":0,"ix":4},"sa":{"a":0,"k":0,"ix":5},"nm":"Transform"}],"nm":"XMLID_1_","np":7,"cix":2,"bm":0,"ix":1,"mn":"ADBE Vector Group","hd":false},{"ty":"tm","s":{"a":0,"k":0,"ix":1},"e":{"a":0,"k":100,"ix":2},"o":{"a":0,"k":0,"ix":3},"m":1,"ix":2,"nm":"Trim Paths 1","mn":"ADBE Vector Filter - Trim","hd":false},{"ty":"st","c":{"a":0,"k":[1,1,1,1],"ix":3},"o":{"a":0,"k":100,"ix":4},"w":{"a":0,"k":0,"ix":5},"lc":1,"lj":1,"ml":4,"bm":0,"nm":"Stroke 1","mn":"ADBE Vector Graphic - Stroke","hd":false}],"ip":0,"op":300,"st":0,"ct":1,"bm":0}],"markers":[],"props":{}}