{"v":"5.12.2","fr":60,"ip":0,"op":310,"w":338,"h":129,"nm":"Pre-comp 1","ddd":0,"assets":[{"id":"comp_0","nm":"Pre-comp 3","fr":60,"layers":[{"ddd":0,"ind":1,"ty":5,"nm":"Potential ","sr":1,"ks":{"o":{"a":0,"k":100,"ix":11},"r":{"a":0,"k":0,"ix":10},"p":{"a":1,"k":[{"i":{"x":0,"y":1},"o":{"x":0.333,"y":0},"t":250,"s":[139.712,131.28,0],"to":[0,10.333,0],"ti":[0,-10.333,0]},{"i":{"x":0,"y":0},"o":{"x":0.333,"y":0.333},"t":270,"s":[139.712,193.28,0],"to":[0,0,0],"ti":[0,0,0]},{"i":{"x":0,"y":1},"o":{"x":0.333,"y":0},"t":300,"s":[139.712,193.28,0],"to":[0,15.5,0],"ti":[0,-15.5,0]},{"t":320,"s":[139.712,286.28,0]}],"ix":2,"l":2},"a":{"a":0,"k":[136.584,-24.84,0],"ix":1,"l":2},"s":{"a":0,"k":[100,100,100],"ix":6,"l":2}},"ao":0,"ef":[{"ty":5,"nm":"Gradient Ramp","np":10,"mn":"ADBE Ramp","ix":1,"en":1,"ef":[{"ty":3,"nm":"Start of Ramp","mn":"ADBE Ramp-0001","ix":1,"v":{"a":1,"k":[{"i":{"x":0.667,"y":1},"o":{"x":0.333,"y":0},"t":250,"s":[4.5,198],"to":[0.083,0.011],"ti":[0,0]},{"t":280,"s":[218,199]}],"ix":1}},{"ty":2,"nm":"Start Color","mn":"ADBE Ramp-0002","ix":2,"v":{"a":0,"k":[0.63826072216,0.28975006938,0.890196084976,1],"ix":2}},{"ty":3,"nm":"End of Ramp","mn":"ADBE Ramp-0003","ix":3,"v":{"a":0,"k":[274.5,199],"ix":3}},{"ty":2,"nm":"End Color","mn":"ADBE Ramp-0004","ix":4,"v":{"a":0,"k":[0.922665596008,0.815686285496,1,1],"ix":4}},{"ty":7,"nm":"Ramp Shape","mn":"ADBE Ramp-0005","ix":5,"v":{"a":0,"k":1,"ix":5}},{"ty":0,"nm":"Ramp Scatter","mn":"ADBE Ramp-0006","ix":6,"v":{"a":0,"k":0,"ix":6}},{"ty":0,"nm":"Blend With Original","mn":"ADBE Ramp-0007","ix":7,"v":{"a":0,"k":0,"ix":7}},{"ty":6,"nm":"","mn":"ADBE Ramp-0008","ix":8,"v":0}]},{"ty":5,"nm":"CC Light Sweep","np":11,"mn":"CC Light Sweep","ix":2,"en":1,"ef":[{"ty":3,"nm":"Center","mn":"CC Light Sweep-0001","ix":1,"v":{"a":1,"k":[{"i":{"x":0.667,"y":1},"o":{"x":0.333,"y":0},"t":251,"s":[-36.5,210],"to":[53.667,-5.833],"ti":[-53.667,5.833]},{"t":281,"s":[285.5,175]}],"ix":1}},{"ty":0,"nm":"Direction","mn":"CC Light Sweep-0002","ix":2,"v":{"a":0,"k":-30,"ix":2}},{"ty":7,"nm":"Shape","mn":"CC Light Sweep-0003","ix":3,"v":{"a":0,"k":3,"ix":3}},{"ty":0,"nm":"Width","mn":"CC Light Sweep-0004","ix":4,"v":{"a":0,"k":36,"ix":4}},{"ty":0,"nm":"Sweep Intensity","mn":"CC Light Sweep-0005","ix":5,"v":{"a":0,"k":60,"ix":5}},{"ty":0,"nm":"Edge Intensity","mn":"CC Light Sweep-0006","ix":6,"v":{"a":0,"k":82,"ix":6}},{"ty":0,"nm":"Edge Thickness","mn":"CC Light Sweep-0007","ix":7,"v":{"a":0,"k":7.1,"ix":7}},{"ty":2,"nm":"Light Color","mn":"CC Light Sweep-0008","ix":8,"v":{"a":0,"k":[0.165406614542,0.053287193179,0.247058823705,1],"ix":8}},{"ty":7,"nm":"Light Reception","mn":"CC Light Sweep-0009","ix":9,"v":{"a":0,"k":1,"ix":9}}]}],"t":{"d":{"k":[{"s":{"s":72,"f":"Outfit-Medium","t":"Potential ","ca":0,"j":0,"tr":0,"lh":86.4000015258789,"ls":0,"fc":[1,1,1]},"t":0}]},"p":{},"m":{"g":1,"a":{"a":0,"k":[0,0],"ix":2}},"a":[]},"ip":250,"op":988,"st":70,"ct":1,"bm":0},{"ddd":0,"ind":2,"ty":5,"nm":"Story ","sr":1,"ks":{"o":{"a":0,"k":100,"ix":11},"r":{"a":0,"k":0,"ix":10},"p":{"a":1,"k":[{"i":{"x":0,"y":1},"o":{"x":0.333,"y":0},"t":200,"s":[139.712,131.28,0],"to":[0,10.333,0],"ti":[0,-10.333,0]},{"i":{"x":0,"y":0},"o":{"x":0.333,"y":0.333},"t":220,"s":[139.712,193.28,0],"to":[0,0,0],"ti":[0,0,0]},{"i":{"x":0,"y":1},"o":{"x":0.333,"y":0},"t":250,"s":[139.712,193.28,0],"to":[0,14,0],"ti":[0,-14,0]},{"t":270,"s":[139.712,277.28,0]}],"ix":2,"l":2},"a":{"a":0,"k":[136.584,-24.84,0],"ix":1,"l":2},"s":{"a":0,"k":[100,100,100],"ix":6,"l":2}},"ao":0,"ef":[{"ty":5,"nm":"Gradient Ramp","np":10,"mn":"ADBE Ramp","ix":1,"en":1,"ef":[{"ty":3,"nm":"Start of Ramp","mn":"ADBE Ramp-0001","ix":1,"v":{"a":1,"k":[{"i":{"x":0.667,"y":1},"o":{"x":0.333,"y":0},"t":200,"s":[4.5,198],"to":[0.083,0.011],"ti":[0,0]},{"t":230,"s":[119,199]}],"ix":1}},{"ty":2,"nm":"Start Color","mn":"ADBE Ramp-0002","ix":2,"v":{"a":0,"k":[0.63826072216,0.28975006938,0.890196084976,1],"ix":2}},{"ty":3,"nm":"End of Ramp","mn":"ADBE Ramp-0003","ix":3,"v":{"a":0,"k":[172,199],"ix":3}},{"ty":2,"nm":"End Color","mn":"ADBE Ramp-0004","ix":4,"v":{"a":0,"k":[0.922665596008,0.815686285496,1,1],"ix":4}},{"ty":7,"nm":"Ramp Shape","mn":"ADBE Ramp-0005","ix":5,"v":{"a":0,"k":1,"ix":5}},{"ty":0,"nm":"Ramp Scatter","mn":"ADBE Ramp-0006","ix":6,"v":{"a":0,"k":0,"ix":6}},{"ty":0,"nm":"Blend With Original","mn":"ADBE Ramp-0007","ix":7,"v":{"a":0,"k":0,"ix":7}},{"ty":6,"nm":"","mn":"ADBE Ramp-0008","ix":8,"v":0}]},{"ty":5,"nm":"CC Light Sweep","np":11,"mn":"CC Light Sweep","ix":2,"en":1,"ef":[{"ty":3,"nm":"Center","mn":"CC Light Sweep-0001","ix":1,"v":{"a":1,"k":[{"i":{"x":0.667,"y":1},"o":{"x":0.333,"y":0},"t":200,"s":[-36.5,210],"to":[53.667,-5.833],"ti":[-53.667,5.833]},{"t":230,"s":[285.5,175]}],"ix":1}},{"ty":0,"nm":"Direction","mn":"CC Light Sweep-0002","ix":2,"v":{"a":0,"k":-30,"ix":2}},{"ty":7,"nm":"Shape","mn":"CC Light Sweep-0003","ix":3,"v":{"a":0,"k":3,"ix":3}},{"ty":0,"nm":"Width","mn":"CC Light Sweep-0004","ix":4,"v":{"a":0,"k":36,"ix":4}},{"ty":0,"nm":"Sweep Intensity","mn":"CC Light Sweep-0005","ix":5,"v":{"a":0,"k":60,"ix":5}},{"ty":0,"nm":"Edge Intensity","mn":"CC Light Sweep-0006","ix":6,"v":{"a":0,"k":82,"ix":6}},{"ty":0,"nm":"Edge Thickness","mn":"CC Light Sweep-0007","ix":7,"v":{"a":0,"k":7.1,"ix":7}},{"ty":2,"nm":"Light Color","mn":"CC Light Sweep-0008","ix":8,"v":{"a":0,"k":[0.165406614542,0.053287193179,0.247058823705,1],"ix":8}},{"ty":7,"nm":"Light Reception","mn":"CC Light Sweep-0009","ix":9,"v":{"a":0,"k":1,"ix":9}}]}],"t":{"d":{"k":[{"s":{"s":72,"f":"Outfit-Medium","t":"Story ","ca":0,"j":0,"tr":0,"lh":86.4000015258789,"ls":0,"fc":[1,1,1]},"t":0}]},"p":{},"m":{"g":1,"a":{"a":0,"k":[0,0],"ix":2}},"a":[]},"ip":200,"op":938,"st":20,"ct":1,"bm":0},{"ddd":0,"ind":3,"ty":5,"nm":"Success ","sr":1,"ks":{"o":{"a":0,"k":100,"ix":11},"r":{"a":0,"k":0,"ix":10},"p":{"a":1,"k":[{"i":{"x":0,"y":1},"o":{"x":0.333,"y":0},"t":150,"s":[139.712,132.28,0],"to":[0,10.167,0],"ti":[0,-10.167,0]},{"i":{"x":0,"y":0},"o":{"x":0.333,"y":0.333},"t":170,"s":[139.712,193.28,0],"to":[0,0,0],"ti":[0,0,0]},{"i":{"x":0,"y":1},"o":{"x":0.333,"y":0},"t":200,"s":[139.712,193.28,0],"to":[0,14.333,0],"ti":[0,-14.333,0]},{"t":220,"s":[139.712,279.28,0]}],"ix":2,"l":2},"a":{"a":0,"k":[136.584,-24.84,0],"ix":1,"l":2},"s":{"a":0,"k":[100,100,100],"ix":6,"l":2}},"ao":0,"ef":[{"ty":5,"nm":"Gradient Ramp","np":10,"mn":"ADBE Ramp","ix":1,"en":1,"ef":[{"ty":3,"nm":"Start of Ramp","mn":"ADBE Ramp-0001","ix":1,"v":{"a":1,"k":[{"i":{"x":0.667,"y":1},"o":{"x":0.333,"y":0},"t":150,"s":[4.5,198],"to":[0.083,0.011],"ti":[0,0]},{"t":180,"s":[218,199]}],"ix":1}},{"ty":2,"nm":"Start Color","mn":"ADBE Ramp-0002","ix":2,"v":{"a":0,"k":[0.63826072216,0.28975006938,0.890196084976,1],"ix":2}},{"ty":3,"nm":"End of Ramp","mn":"ADBE Ramp-0003","ix":3,"v":{"a":0,"k":[274.5,199],"ix":3}},{"ty":2,"nm":"End Color","mn":"ADBE Ramp-0004","ix":4,"v":{"a":0,"k":[0.922665596008,0.815686285496,1,1],"ix":4}},{"ty":7,"nm":"Ramp Shape","mn":"ADBE Ramp-0005","ix":5,"v":{"a":0,"k":1,"ix":5}},{"ty":0,"nm":"Ramp Scatter","mn":"ADBE Ramp-0006","ix":6,"v":{"a":0,"k":0,"ix":6}},{"ty":0,"nm":"Blend With Original","mn":"ADBE Ramp-0007","ix":7,"v":{"a":0,"k":0,"ix":7}},{"ty":6,"nm":"","mn":"ADBE Ramp-0008","ix":8,"v":0}]},{"ty":5,"nm":"CC Light Sweep","np":11,"mn":"CC Light Sweep","ix":2,"en":1,"ef":[{"ty":3,"nm":"Center","mn":"CC Light Sweep-0001","ix":1,"v":{"a":1,"k":[{"i":{"x":0.667,"y":1},"o":{"x":0.333,"y":0},"t":150,"s":[-36.5,210],"to":[53.667,-5.833],"ti":[-53.667,5.833]},{"t":180,"s":[285.5,175]}],"ix":1}},{"ty":0,"nm":"Direction","mn":"CC Light Sweep-0002","ix":2,"v":{"a":0,"k":-30,"ix":2}},{"ty":7,"nm":"Shape","mn":"CC Light Sweep-0003","ix":3,"v":{"a":0,"k":3,"ix":3}},{"ty":0,"nm":"Width","mn":"CC Light Sweep-0004","ix":4,"v":{"a":0,"k":36,"ix":4}},{"ty":0,"nm":"Sweep Intensity","mn":"CC Light Sweep-0005","ix":5,"v":{"a":0,"k":60,"ix":5}},{"ty":0,"nm":"Edge Intensity","mn":"CC Light Sweep-0006","ix":6,"v":{"a":0,"k":82,"ix":6}},{"ty":0,"nm":"Edge Thickness","mn":"CC Light Sweep-0007","ix":7,"v":{"a":0,"k":7.1,"ix":7}},{"ty":2,"nm":"Light Color","mn":"CC Light Sweep-0008","ix":8,"v":{"a":0,"k":[0.165406614542,0.053287193179,0.247058823705,1],"ix":8}},{"ty":7,"nm":"Light Reception","mn":"CC Light Sweep-0009","ix":9,"v":{"a":0,"k":1,"ix":9}}]}],"t":{"d":{"k":[{"s":{"s":72,"f":"Outfit-Medium","t":"Success ","ca":0,"j":0,"tr":0,"lh":86.4000015258789,"ls":0,"fc":[1,1,1]},"t":0}]},"p":{},"m":{"g":1,"a":{"a":0,"k":[0,0],"ix":2}},"a":[]},"ip":150,"op":938,"st":20,"ct":1,"bm":0},{"ddd":0,"ind":4,"ty":5,"nm":"Business ","sr":1,"ks":{"o":{"a":0,"k":100,"ix":11},"r":{"a":0,"k":0,"ix":10},"p":{"a":1,"k":[{"i":{"x":0,"y":1},"o":{"x":0.333,"y":0},"t":100,"s":[136.112,131.56,0],"to":[0,10.167,0],"ti":[0,-10.167,0]},{"i":{"x":0,"y":0},"o":{"x":0.333,"y":0.333},"t":120,"s":[136.112,192.56,0],"to":[0,0,0],"ti":[0,0,0]},{"i":{"x":0,"y":1},"o":{"x":0.333,"y":0},"t":150,"s":[136.112,192.56,0],"to":[0,14.167,0],"ti":[0,-14.167,0]},{"t":170,"s":[136.112,277.56,0]}],"ix":2,"l":2},"a":{"a":0,"k":[136.584,-24.84,0],"ix":1,"l":2},"s":{"a":0,"k":[100,100,100],"ix":6,"l":2}},"ao":0,"ef":[{"ty":5,"nm":"Gradient Ramp","np":10,"mn":"ADBE Ramp","ix":1,"en":1,"ef":[{"ty":3,"nm":"Start of Ramp","mn":"ADBE Ramp-0001","ix":1,"v":{"a":1,"k":[{"i":{"x":0.667,"y":1},"o":{"x":0.333,"y":0},"t":100,"s":[4.5,198],"to":[0.083,0.011],"ti":[0,0]},{"t":130,"s":[218,199]}],"ix":1}},{"ty":2,"nm":"Start Color","mn":"ADBE Ramp-0002","ix":2,"v":{"a":0,"k":[0.63826072216,0.28975006938,0.890196084976,1],"ix":2}},{"ty":3,"nm":"End of Ramp","mn":"ADBE Ramp-0003","ix":3,"v":{"a":0,"k":[274.5,199],"ix":3}},{"ty":2,"nm":"End Color","mn":"ADBE Ramp-0004","ix":4,"v":{"a":0,"k":[0.922665596008,0.815686285496,1,1],"ix":4}},{"ty":7,"nm":"Ramp Shape","mn":"ADBE Ramp-0005","ix":5,"v":{"a":0,"k":1,"ix":5}},{"ty":0,"nm":"Ramp Scatter","mn":"ADBE Ramp-0006","ix":6,"v":{"a":0,"k":0,"ix":6}},{"ty":0,"nm":"Blend With Original","mn":"ADBE Ramp-0007","ix":7,"v":{"a":0,"k":0,"ix":7}},{"ty":6,"nm":"","mn":"ADBE Ramp-0008","ix":8,"v":0}]},{"ty":5,"nm":"CC Light Sweep","np":11,"mn":"CC Light Sweep","ix":2,"en":1,"ef":[{"ty":3,"nm":"Center","mn":"CC Light Sweep-0001","ix":1,"v":{"a":1,"k":[{"i":{"x":0.667,"y":1},"o":{"x":0.333,"y":0},"t":100,"s":[-36.5,210],"to":[53.667,-5.833],"ti":[-53.667,5.833]},{"t":130,"s":[285.5,175]}],"ix":1}},{"ty":0,"nm":"Direction","mn":"CC Light Sweep-0002","ix":2,"v":{"a":0,"k":-30,"ix":2}},{"ty":7,"nm":"Shape","mn":"CC Light Sweep-0003","ix":3,"v":{"a":0,"k":3,"ix":3}},{"ty":0,"nm":"Width","mn":"CC Light Sweep-0004","ix":4,"v":{"a":0,"k":36,"ix":4}},{"ty":0,"nm":"Sweep Intensity","mn":"CC Light Sweep-0005","ix":5,"v":{"a":0,"k":60,"ix":5}},{"ty":0,"nm":"Edge Intensity","mn":"CC Light Sweep-0006","ix":6,"v":{"a":0,"k":82,"ix":6}},{"ty":0,"nm":"Edge Thickness","mn":"CC Light Sweep-0007","ix":7,"v":{"a":0,"k":7.1,"ix":7}},{"ty":2,"nm":"Light Color","mn":"CC Light Sweep-0008","ix":8,"v":{"a":0,"k":[0.165406614542,0.053287193179,0.247058823705,1],"ix":8}},{"ty":7,"nm":"Light Reception","mn":"CC Light Sweep-0009","ix":9,"v":{"a":0,"k":1,"ix":9}}]}],"t":{"d":{"k":[{"s":{"s":72,"f":"Outfit-Medium","t":"Business ","ca":0,"j":0,"tr":0,"lh":86.4000015258789,"ls":0,"fc":[1,1,1]},"t":0}]},"p":{},"m":{"g":1,"a":{"a":0,"k":[0,0],"ix":2}},"a":[]},"ip":100,"op":938,"st":20,"ct":1,"bm":0},{"ddd":0,"ind":5,"ty":5,"nm":"Dream ","sr":1,"ks":{"o":{"a":0,"k":100,"ix":11},"r":{"a":0,"k":0,"ix":10},"p":{"a":1,"k":[{"i":{"x":0,"y":1},"o":{"x":0.333,"y":0},"t":50,"s":[121.532,131.84,0],"to":[0,0.138,0],"ti":[0,-9.862,0]},{"i":{"x":0,"y":0},"o":{"x":0.333,"y":0.333},"t":70,"s":[121.532,191.84,0],"to":[0,0,0],"ti":[0,0,0]},{"i":{"x":0,"y":1},"o":{"x":0.333,"y":0},"t":100,"s":[121.532,191.84,0],"to":[0,13.833,0],"ti":[0,-13.833,0]},{"t":120,"s":[121.532,274.84,0]}],"ix":2,"l":2},"a":{"a":0,"k":[122.004,-25.56,0],"ix":1,"l":2},"s":{"a":0,"k":[100,100,100],"ix":6,"l":2}},"ao":0,"ef":[{"ty":5,"nm":"Gradient Ramp","np":10,"mn":"ADBE Ramp","ix":1,"en":1,"ef":[{"ty":3,"nm":"Start of Ramp","mn":"ADBE Ramp-0001","ix":1,"v":{"a":1,"k":[{"i":{"x":0.667,"y":1},"o":{"x":0.333,"y":0},"t":50,"s":[4.5,198],"to":[0.083,0.011],"ti":[0,0]},{"t":80,"s":[218,199]}],"ix":1}},{"ty":2,"nm":"Start Color","mn":"ADBE Ramp-0002","ix":2,"v":{"a":0,"k":[0.63826072216,0.28975006938,0.890196084976,1],"ix":2}},{"ty":3,"nm":"End of Ramp","mn":"ADBE Ramp-0003","ix":3,"v":{"a":0,"k":[274.5,199],"ix":3}},{"ty":2,"nm":"End Color","mn":"ADBE Ramp-0004","ix":4,"v":{"a":0,"k":[0.922665596008,0.815686285496,1,1],"ix":4}},{"ty":7,"nm":"Ramp Shape","mn":"ADBE Ramp-0005","ix":5,"v":{"a":0,"k":1,"ix":5}},{"ty":0,"nm":"Ramp Scatter","mn":"ADBE Ramp-0006","ix":6,"v":{"a":0,"k":0,"ix":6}},{"ty":0,"nm":"Blend With Original","mn":"ADBE Ramp-0007","ix":7,"v":{"a":0,"k":0,"ix":7}},{"ty":6,"nm":"","mn":"ADBE Ramp-0008","ix":8,"v":0}]},{"ty":5,"nm":"CC Light Sweep","np":11,"mn":"CC Light Sweep","ix":2,"en":1,"ef":[{"ty":3,"nm":"Center","mn":"CC Light Sweep-0001","ix":1,"v":{"a":1,"k":[{"i":{"x":0.667,"y":1},"o":{"x":0.333,"y":0},"t":50,"s":[-36.5,210],"to":[53.667,-5.833],"ti":[-53.667,5.833]},{"t":80,"s":[285.5,175]}],"ix":1}},{"ty":0,"nm":"Direction","mn":"CC Light Sweep-0002","ix":2,"v":{"a":0,"k":-30,"ix":2}},{"ty":7,"nm":"Shape","mn":"CC Light Sweep-0003","ix":3,"v":{"a":0,"k":3,"ix":3}},{"ty":0,"nm":"Width","mn":"CC Light Sweep-0004","ix":4,"v":{"a":0,"k":36,"ix":4}},{"ty":0,"nm":"Sweep Intensity","mn":"CC Light Sweep-0005","ix":5,"v":{"a":0,"k":60,"ix":5}},{"ty":0,"nm":"Edge Intensity","mn":"CC Light Sweep-0006","ix":6,"v":{"a":0,"k":82,"ix":6}},{"ty":0,"nm":"Edge Thickness","mn":"CC Light Sweep-0007","ix":7,"v":{"a":0,"k":7.1,"ix":7}},{"ty":2,"nm":"Light Color","mn":"CC Light Sweep-0008","ix":8,"v":{"a":0,"k":[0.165406614542,0.053287193179,0.247058823705,1],"ix":8}},{"ty":7,"nm":"Light Reception","mn":"CC Light Sweep-0009","ix":9,"v":{"a":0,"k":1,"ix":9}}]}],"t":{"d":{"k":[{"s":{"s":72,"f":"Outfit-Medium","t":"Dream ","ca":0,"j":0,"tr":0,"lh":86.4000015258789,"ls":0,"fc":[1,1,1]},"t":0}]},"p":{},"m":{"g":1,"a":{"a":0,"k":[0,0],"ix":2}},"a":[]},"ip":50,"op":938,"st":20,"ct":1,"bm":0},{"ddd":0,"ind":6,"ty":5,"nm":"Growth","sr":1,"ks":{"o":{"a":0,"k":100,"ix":11},"r":{"a":0,"k":0,"ix":10},"p":{"a":1,"k":[{"i":{"x":0.667,"y":1},"o":{"x":0.333,"y":0},"t":0,"s":[124.052,87.94,0],"to":[0,17.5,0],"ti":[0,-17.5,0]},{"i":{"x":0.667,"y":0.667},"o":{"x":0.333,"y":0.333},"t":20,"s":[124.052,192.94,0],"to":[0,0,0],"ti":[0,0,0]},{"i":{"x":0,"y":1},"o":{"x":0.333,"y":0},"t":50,"s":[124.052,192.94,0],"to":[0,13.833,0],"ti":[0,-13.833,0]},{"t":70,"s":[124.052,275.94,0]}],"ix":2,"l":2},"a":{"a":0,"k":[122.004,-25.56,0],"ix":1,"l":2},"s":{"a":0,"k":[100,100,100],"ix":6,"l":2}},"ao":0,"ef":[{"ty":5,"nm":"Gradient Ramp","np":10,"mn":"ADBE Ramp","ix":1,"en":1,"ef":[{"ty":3,"nm":"Start of Ramp","mn":"ADBE Ramp-0001","ix":1,"v":{"a":1,"k":[{"i":{"x":0.667,"y":1},"o":{"x":0.333,"y":0},"t":20,"s":[4.5,198],"to":[0.083,0.011],"ti":[0,0]},{"t":50,"s":[218,199]}],"ix":1}},{"ty":2,"nm":"Start Color","mn":"ADBE Ramp-0002","ix":2,"v":{"a":0,"k":[0.63826072216,0.28975006938,0.890196084976,1],"ix":2}},{"ty":3,"nm":"End of Ramp","mn":"ADBE Ramp-0003","ix":3,"v":{"a":0,"k":[274.5,199],"ix":3}},{"ty":2,"nm":"End Color","mn":"ADBE Ramp-0004","ix":4,"v":{"a":0,"k":[0.922665596008,0.815686285496,1,1],"ix":4}},{"ty":7,"nm":"Ramp Shape","mn":"ADBE Ramp-0005","ix":5,"v":{"a":0,"k":1,"ix":5}},{"ty":0,"nm":"Ramp Scatter","mn":"ADBE Ramp-0006","ix":6,"v":{"a":0,"k":0,"ix":6}},{"ty":0,"nm":"Blend With Original","mn":"ADBE Ramp-0007","ix":7,"v":{"a":0,"k":0,"ix":7}},{"ty":6,"nm":"","mn":"ADBE Ramp-0008","ix":8,"v":0}]},{"ty":5,"nm":"CC Light Sweep","np":11,"mn":"CC Light Sweep","ix":2,"en":1,"ef":[{"ty":3,"nm":"Center","mn":"CC Light Sweep-0001","ix":1,"v":{"a":1,"k":[{"i":{"x":0.667,"y":1},"o":{"x":0.333,"y":0},"t":20,"s":[-36.5,210],"to":[53.667,-5.833],"ti":[-53.667,5.833]},{"t":50,"s":[285.5,175]}],"ix":1}},{"ty":0,"nm":"Direction","mn":"CC Light Sweep-0002","ix":2,"v":{"a":0,"k":-30,"ix":2}},{"ty":7,"nm":"Shape","mn":"CC Light Sweep-0003","ix":3,"v":{"a":0,"k":3,"ix":3}},{"ty":0,"nm":"Width","mn":"CC Light Sweep-0004","ix":4,"v":{"a":0,"k":36,"ix":4}},{"ty":0,"nm":"Sweep Intensity","mn":"CC Light Sweep-0005","ix":5,"v":{"a":0,"k":60,"ix":5}},{"ty":0,"nm":"Edge Intensity","mn":"CC Light Sweep-0006","ix":6,"v":{"a":0,"k":82,"ix":6}},{"ty":0,"nm":"Edge Thickness","mn":"CC Light Sweep-0007","ix":7,"v":{"a":0,"k":7.1,"ix":7}},{"ty":2,"nm":"Light Color","mn":"CC Light Sweep-0008","ix":8,"v":{"a":0,"k":[0.165406614542,0.053287193179,0.247058823705,1],"ix":8}},{"ty":7,"nm":"Light Reception","mn":"CC Light Sweep-0009","ix":9,"v":{"a":0,"k":1,"ix":9}}]}],"t":{"d":{"k":[{"s":{"s":72,"f":"Outfit-Medium","t":"Growth","ca":0,"j":0,"tr":0,"lh":86.4000015258789,"ls":0,"fc":[1,1,1]},"t":0}]},"p":{},"m":{"g":1,"a":{"a":0,"k":[0,0],"ix":2}},"a":[]},"ip":-75,"op":938,"st":20,"ct":1,"bm":0}]}],"fonts":{"list":[{"fName":"Outfit-Medium","fFamily":"Outfit","fStyle":"Medium","ascent":71.9985961914062}]},"layers":[{"ddd":0,"ind":1,"ty":0,"nm":"Pre-comp 3","refId":"comp_0","sr":1,"ks":{"o":{"a":0,"k":100,"ix":11},"r":{"a":0,"k":0,"ix":10},"p":{"a":0,"k":[259,28.25,0],"ix":2,"l":2},"a":{"a":0,"k":[241.5,160,0],"ix":1,"l":2},"s":{"a":0,"k":[100,100,100],"ix":6,"l":2}},"ao":0,"hasMask":true,"masksProperties":[{"inv":false,"mode":"a","pt":{"a":0,"k":{"i":[[0,0],[0,0],[0,0],[0,0]],"o":[[0,0],[0,0],[0,0],[0,0]],"v":[[386,157],[-29.5,157],[-30,240.5],[385.5,240.5]],"c":true},"ix":1},"o":{"a":0,"k":100,"ix":3},"x":{"a":0,"k":0,"ix":4},"nm":"Mask 1"}],"w":483,"h":320,"ip":0,"op":918,"st":0,"bm":0}],"markers":[],"props":{},"chars":[{"ch":"G","size":72,"style":"Medium","w":78,"data":{"shapes":[{"ty":"gr","it":[{"ind":0,"ty":"sh","ix":1,"ks":{"a":0,"k":{"i":[[-5.134,2.734],[-2.967,5.534],[0,8.334],[0,0],[0,0],[0,0],[0,0],[0,0],[1.8,-3.366],[3.366,-1.7],[4.666,0],[3.466,2.134],[2.033,3.767],[0,4.934],[-2,3.734],[-3.634,2.1],[-4.8,0],[-3.467,-1.566],[-2.067,-2.933],[0,0],[4.733,2.134],[5.533,0],[4.366,-1.833],[3.233,-3.3],[1.833,-4.333],[0,-5],[-1.834,-4.366],[-3.2,-3.3],[-4.267,-1.866],[-4.8,0]],"o":[[5.133,-2.733],[2.966,-5.533],[0,0],[0,0],[0,0],[0,0],[0,0],[0,4.934],[-1.8,3.367],[-3.367,1.7],[-4.4,0],[-3.467,-2.133],[-2.034,-3.766],[0,-4.933],[2,-3.733],[3.633,-2.1],[4,0],[3.466,1.567],[0,0],[-3.2,-3.933],[-4.734,-2.133],[-5.067,0],[-4.367,1.834],[-3.234,3.3],[-1.834,4.334],[0,5],[1.833,4.367],[3.2,3.3],[4.266,1.866],[6.6,0]],"v":[[56.8,-3.1],[68.95,-15.5],[73.4,-36.3],[73.4,-37.9],[38.8,-37.9],[38.8,-27.4],[68.7,-27.4],[61.5,-32.6],[58.8,-20.15],[51.05,-12.55],[39,-10],[27.2,-13.2],[18.95,-22.05],[15.9,-35.1],[18.9,-48.1],[27.35,-56.85],[40,-60],[51.2,-57.65],[59.5,-50.9],[67.3,-58.7],[55.4,-67.8],[40,-71],[25.85,-68.25],[14.45,-60.55],[6.85,-49.1],[4.1,-35.1],[6.85,-21.05],[14.4,-9.55],[25.6,-1.8],[39.2,1]],"c":true},"ix":2},"nm":"G","mn":"ADBE Vector Shape - Group","hd":false}],"nm":"G","np":3,"cix":2,"bm":0,"ix":1,"mn":"ADBE Vector Group","hd":false}]},"fFamily":"Outfit"},{"ch":"r","size":72,"style":"Medium","w":40.7,"data":{"shapes":[{"ty":"gr","it":[{"ind":0,"ty":"sh","ix":1,"ks":{"a":0,"k":{"i":[[0,0],[0,0],[0,0],[0,0]],"o":[[0,0],[0,0],[0,0],[0,0]],"v":[[17.1,0],[17.1,-48],[6.1,-48],[6.1,0]],"c":true},"ix":2},"nm":"r","mn":"ADBE Vector Shape - Group","hd":false},{"ind":1,"ty":"sh","ix":2,"ks":{"a":0,"k":{"i":[[-2,1.934],[-3.067,0],[-1.067,-0.4],[-0.867,-0.933],[0,0],[1.933,0.867],[2.4,0],[2.7,-3.766],[0,-6.066],[0,0]],"o":[[2,-1.933],[1.4,0],[1.066,0.4],[0,0],[-1.667,-1.933],[-1.934,-0.866],[-5.467,0],[-2.7,3.767],[0,0],[0,-4.133]],"v":[[20.1,-35.8],[27.7,-38.7],[31.4,-38.1],[34.3,-36.1],[41.5,-43.5],[36.1,-47.7],[29.6,-49],[17.35,-43.35],[13.3,-28.6],[17.1,-26.7]],"c":true},"ix":2},"nm":"r","mn":"ADBE Vector Shape - Group","hd":false}],"nm":"r","np":5,"cix":2,"bm":0,"ix":1,"mn":"ADBE Vector Group","hd":false}]},"fFamily":"Outfit"},{"ch":"o","size":72,"style":"Medium","w":56.3,"data":{"shapes":[{"ty":"gr","it":[{"ind":0,"ty":"sh","ix":1,"ks":{"a":0,"k":{"i":[[-3.8,2.234],[-2.234,3.8],[0,4.667],[2.233,3.767],[3.8,2.2],[4.733,0],[3.8,-2.233],[2.233,-3.733],[0,-4.666],[-2.234,-3.8],[-3.8,-2.233],[-4.667,0]],"o":[[3.8,-2.233],[2.233,-3.8],[0,-4.666],[-2.234,-3.766],[-3.8,-2.2],[-4.667,0],[-3.8,2.234],[-2.234,3.734],[0,4.667],[2.233,3.8],[3.8,2.234],[4.733,0]],"v":[[40.9,-2.35],[49.95,-11.4],[53.3,-24.1],[49.95,-36.75],[40.9,-45.7],[28.1,-49],[15.4,-45.65],[6.35,-36.7],[3,-24.1],[6.35,-11.4],[15.4,-2.35],[28.1,1]],"c":true},"ix":2},"nm":"o","mn":"ADBE Vector Shape - Group","hd":false},{"ind":1,"ty":"sh","ix":2,"ks":{"a":0,"k":{"i":[[2.1,1.234],[1.166,2.2],[0,2.8],[-1.167,2.134],[-2.1,1.234],[-2.667,0],[-2.067,-1.233],[-1.2,-2.133],[0,-2.8],[1.166,-2.2],[2.1,-1.233],[2.733,0]],"o":[[-2.1,-1.233],[-1.167,-2.2],[0,-2.8],[1.166,-2.133],[2.1,-1.233],[2.733,0],[2.066,1.234],[1.2,2.134],[0,2.8],[-1.167,2.2],[-2.1,1.234],[-2.667,0]],"v":[[20.95,-11.45],[16.05,-16.6],[14.3,-24.1],[16.05,-31.5],[20.95,-36.55],[28.1,-38.4],[35.3,-36.55],[40.2,-31.5],[42,-24.1],[40.25,-16.6],[35.35,-11.45],[28.1,-9.6]],"c":true},"ix":2},"nm":"o","mn":"ADBE Vector Shape - Group","hd":false}],"nm":"o","np":5,"cix":2,"bm":0,"ix":1,"mn":"ADBE Vector Group","hd":false}]},"fFamily":"Outfit"},{"ch":"w","size":72,"style":"Medium","w":73.2,"data":{"shapes":[{"ty":"gr","it":[{"ind":0,"ty":"sh","ix":1,"ks":{"a":0,"k":{"i":[[0,0],[0,0],[0,0],[0,0],[0,0],[0,0],[0,0],[0,0],[0,0],[0,0],[0,0],[0,0],[0,0],[0,0],[0,0],[0,0]],"o":[[0,0],[0,0],[0,0],[0,0],[0,0],[0,0],[0,0],[0,0],[0,0],[0,0],[0,0],[0,0],[0,0],[0,0],[0,0],[0,0]],"v":[[26.5,0],[39.5,-33.2],[35.9,-33.2],[48.9,0],[55.3,0],[74.6,-48],[63.2,-48],[50.2,-13.1],[53.6,-13],[40.9,-48],[34.5,-48],[21.8,-13],[25.2,-13.1],[12.2,-48],[0.8,-48],[20.1,0]],"c":true},"ix":2},"nm":"w","mn":"ADBE Vector Shape - Group","hd":false}],"nm":"w","np":3,"cix":2,"bm":0,"ix":1,"mn":"ADBE Vector Group","hd":false}]},"fFamily":"Outfit"},{"ch":"t","size":72,"style":"Medium","w":36.2,"data":{"shapes":[{"ty":"gr","it":[{"ind":0,"ty":"sh","ix":1,"ks":{"a":0,"k":{"i":[[0,0],[0,0],[0,0],[0,0]],"o":[[0,0],[0,0],[0,0],[0,0]],"v":[[24.4,0],[24.4,-68],[13.4,-68],[13.4,0]],"c":true},"ix":2},"nm":"t","mn":"ADBE Vector Shape - Group","hd":false},{"ind":1,"ty":"sh","ix":2,"ks":{"a":0,"k":{"i":[[0,0],[0,0],[0,0],[0,0]],"o":[[0,0],[0,0],[0,0],[0,0]],"v":[[35.9,-38],[35.9,-48],[1.9,-48],[1.9,-38]],"c":true},"ix":2},"nm":"t","mn":"ADBE Vector Shape - Group","hd":false}],"nm":"t","np":5,"cix":2,"bm":0,"ix":1,"mn":"ADBE Vector Group","hd":false}]},"fFamily":"Outfit"},{"ch":"h","size":72,"style":"Medium","w":55.1,"data":{"shapes":[{"ty":"gr","it":[{"ind":0,"ty":"sh","ix":1,"ks":{"a":0,"k":{"i":[[0,0],[0,0],[1.6,2.834],[2.8,1.6],[3.6,0],[2.833,-1.633],[1.6,-2.833],[0,-3.666],[0,0],[-0.934,1.667],[-1.667,0.934],[-2.134,0],[-2.034,-2.066],[0,-3.2],[0,0]],"o":[[0,0],[0,-3.733],[-1.6,-2.833],[-2.8,-1.6],[-3.534,0],[-2.834,1.634],[-1.6,2.834],[0,0],[0,-2.133],[0.933,-1.666],[1.666,-0.933],[3.2,0],[2.033,2.067],[0,0],[0,0]],"v":[[50,0],[50,-30.1],[47.6,-39.95],[41,-46.6],[31.4,-49],[21.85,-46.55],[15.2,-39.85],[12.8,-30.1],[17.1,-27.7],[18.5,-33.4],[22.4,-37.3],[28.1,-38.7],[35.95,-35.6],[39,-27.7],[39,0]],"c":true},"ix":2},"nm":"h","mn":"ADBE Vector Shape - Group","hd":false},{"ind":1,"ty":"sh","ix":2,"ks":{"a":0,"k":{"i":[[0,0],[0,0],[0,0],[0,0]],"o":[[0,0],[0,0],[0,0],[0,0]],"v":[[17.1,0],[17.1,-72],[6.1,-72],[6.1,0]],"c":true},"ix":2},"nm":"h","mn":"ADBE Vector Shape - Group","hd":false}],"nm":"h","np":5,"cix":2,"bm":0,"ix":1,"mn":"ADBE Vector Group","hd":false}]},"fFamily":"Outfit"},{"ch":"D","size":72,"style":"Medium","w":74,"data":{"shapes":[{"ty":"gr","it":[{"ind":0,"ty":"sh","ix":1,"ks":{"a":0,"k":{"i":[[0,0],[-4.334,1.767],[-3.2,3.167],[-1.8,4.267],[0,4.934],[1.8,4.234],[3.233,3.167],[4.333,1.767],[5.066,0],[0,0],[0,0],[0,0],[-3.634,-2.066],[-2.067,-3.666],[0,-4.8],[2.033,-3.7],[3.633,-2.066],[4.8,0],[0,0],[0,0]],"o":[[5,0],[4.333,-1.766],[3.2,-3.166],[1.8,-4.266],[0,-5],[-1.8,-4.233],[-3.234,-3.166],[-4.334,-1.766],[0,0],[0,0],[0,0],[4.733,0],[3.633,2.067],[2.066,3.667],[0,4.867],[-2.034,3.7],[-3.634,2.067],[0,0],[0,0],[0,0]],"v":[[34.4,0],[48.4,-2.65],[59.7,-10.05],[67.2,-21.2],[69.9,-35],[67.2,-48.85],[59.65,-59.95],[48.3,-67.35],[34.2,-70],[15.5,-70],[15.5,-59.5],[33.9,-59.5],[46.45,-56.4],[55,-47.8],[58.1,-35.1],[55.05,-22.25],[46.55,-13.6],[33.9,-10.5],[15.5,-10.5],[15.5,0]],"c":true},"ix":2},"nm":"D","mn":"ADBE Vector Shape - Group","hd":false},{"ind":1,"ty":"sh","ix":2,"ks":{"a":0,"k":{"i":[[0,0],[0,0],[0,0],[0,0]],"o":[[0,0],[0,0],[0,0],[0,0]],"v":[[19.1,0],[19.1,-70],[7.6,-70],[7.6,0]],"c":true},"ix":2},"nm":"D","mn":"ADBE Vector Shape - Group","hd":false}],"nm":"D","np":5,"cix":2,"bm":0,"ix":1,"mn":"ADBE Vector Group","hd":false}]},"fFamily":"Outfit"},{"ch":"e","size":72,"style":"Medium","w":53.4,"data":{"shapes":[{"ty":"gr","it":[{"ind":0,"ty":"sh","ix":1,"ks":{"a":0,"k":{"i":[[-3.334,1.4],[-2.334,2.734],[0,0],[2.1,-0.866],[2.466,0],[2.2,1.234],[1.2,2.267],[0,3],[-1.134,2.167],[-2.067,1.2],[-2.8,0],[-1.834,-1.066],[-1,-2],[-0.134,-2.933],[0,0],[0,0],[0,0],[0,0],[-0.1,0.834],[0,0.8],[1.966,3.6],[3.433,2.067],[4.466,0],[3.766,-2.2],[2.2,-3.766],[0,-4.733],[-2.234,-3.8],[-3.834,-2.166],[-4.8,0]],"o":[[3.333,-1.4],[0,0],[-1.467,1.667],[-2.1,0.867],[-2.867,0],[-2.2,-1.233],[-1.2,-2.266],[0,-3],[1.133,-2.166],[2.066,-1.2],[2.666,0],[1.833,1.067],[1,2],[0,0],[0,0],[0,0],[0,0],[0.2,-1],[0.1,-0.833],[0,-4.6],[-1.967,-3.6],[-3.434,-2.066],[-4.6,0],[-3.767,2.2],[-2.2,3.767],[0,4.734],[2.233,3.8],[3.833,2.167],[3.733,0]],"v":[[39,-1.1],[47.5,-7.3],[40.5,-14.4],[35.15,-10.6],[28.3,-9.3],[20.7,-11.15],[15.6,-16.4],[13.8,-24.3],[15.5,-32.05],[20.3,-37.1],[27.6,-38.9],[34.35,-37.3],[38.6,-32.7],[40.3,-25.3],[44.4,-28.9],[10.7,-28.9],[10.7,-19.9],[50.1,-19.9],[50.55,-22.65],[50.7,-25.1],[47.75,-37.4],[39.65,-45.9],[27.8,-49],[15.25,-45.7],[6.3,-36.75],[3,-24],[6.35,-11.2],[15.45,-2.25],[28.4,1]],"c":true},"ix":2},"nm":"e","mn":"ADBE Vector Shape - Group","hd":false}],"nm":"e","np":3,"cix":2,"bm":0,"ix":1,"mn":"ADBE Vector Group","hd":false}]},"fFamily":"Outfit"},{"ch":"a","size":72,"style":"Medium","w":58,"data":{"shapes":[{"ty":"gr","it":[{"ind":0,"ty":"sh","ix":1,"ks":{"a":0,"k":{"i":[[-2.867,1.566],[-1.634,2.734],[0,3.467],[0,0],[1.666,2.734],[2.833,1.567],[3.666,0],[3.5,-2.233],[2.033,-3.766],[0,-4.733],[-2.034,-3.766],[-3.5,-2.2],[-4.334,0]],"o":[[2.866,-1.566],[1.633,-2.733],[0,0],[0,-3.466],[-1.667,-2.733],[-2.834,-1.566],[-4.334,0],[-3.5,2.234],[-2.034,3.767],[0,4.667],[2.033,3.767],[3.5,2.2],[3.666,0]],"v":[[36,-1.35],[42.75,-7.8],[45.2,-17.1],[45.2,-30.9],[42.7,-40.2],[35.95,-46.65],[26.2,-49],[14.45,-45.65],[6.15,-36.65],[3.1,-23.9],[6.15,-11.25],[14.45,-2.3],[26.2,1]],"c":true},"ix":2},"nm":"a","mn":"ADBE Vector Shape - Group","hd":false},{"ind":1,"ty":"sh","ix":2,"ks":{"a":0,"k":{"i":[[2.033,1.234],[1.166,2.2],[0,2.867],[-1.167,2.2],[-2.034,1.234],[-2.667,0],[-2.034,-1.233],[-1.134,-2.2],[0,-2.866],[2.5,-2.733],[4.066,0]],"o":[[-2.034,-1.233],[-1.167,-2.2],[0,-2.866],[1.166,-2.2],[2.033,-1.233],[2.733,0],[2.033,1.234],[1.133,2.2],[0,4.267],[-2.5,2.734],[-2.667,0]],"v":[[20.95,-11.25],[16.15,-16.4],[14.4,-24],[16.15,-31.6],[20.95,-36.75],[28,-38.6],[35.15,-36.75],[39.9,-31.6],[41.6,-24],[37.85,-13.5],[28,-9.4]],"c":true},"ix":2},"nm":"a","mn":"ADBE Vector Shape - Group","hd":false},{"ind":2,"ty":"sh","ix":3,"ks":{"a":0,"k":{"i":[[0,0],[0,0],[0,0],[0,0],[0,0],[0,0],[0,0]],"o":[[0,0],[0,0],[0,0],[0,0],[0,0],[0,0],[0,0]],"v":[[51.9,0],[51.9,-48],[40.9,-48],[40.9,-36.2],[42.8,-24.6],[40.9,-12.9],[40.9,0]],"c":true},"ix":2},"nm":"a","mn":"ADBE Vector Shape - Group","hd":false}],"nm":"a","np":6,"cix":2,"bm":0,"ix":1,"mn":"ADBE Vector Group","hd":false}]},"fFamily":"Outfit"},{"ch":"m","size":72,"style":"Medium","w":86.1,"data":{"shapes":[{"ty":"gr","it":[{"ind":0,"ty":"sh","ix":1,"ks":{"a":0,"k":{"i":[[0,0],[0,0],[0,0],[0,0]],"o":[[0,0],[0,0],[0,0],[0,0]],"v":[[17.1,0],[17.1,-48],[6.1,-48],[6.1,0]],"c":true},"ix":2},"nm":"m","mn":"ADBE Vector Shape - Group","hd":false},{"ind":1,"ty":"sh","ix":2,"ks":{"a":0,"k":{"i":[[0,0],[0,0],[1.6,2.667],[2.733,1.467],[3.4,0],[2.733,-1.5],[1.6,-2.666],[0,-3.666],[0,0],[-0.934,1.5],[-1.567,0.8],[-2,0],[-2,-1.766],[0,-3.2],[0,0]],"o":[[0,0],[0,-3.733],[-1.6,-2.666],[-2.734,-1.466],[-3.4,0],[-2.734,1.5],[-1.6,2.667],[0,0],[0,-2.133],[0.933,-1.5],[1.566,-0.8],[2.933,0],[2,1.767],[0,0],[0,0]],"v":[[49,0],[49,-31],[46.6,-40.6],[40.1,-46.8],[30.9,-49],[21.7,-46.75],[15.2,-40.5],[12.8,-31],[17.1,-28.6],[18.5,-34.05],[22.25,-37.5],[27.6,-38.7],[35,-36.05],[38,-28.6],[38,0]],"c":true},"ix":2},"nm":"m","mn":"ADBE Vector Shape - Group","hd":false},{"ind":2,"ty":"sh","ix":3,"ks":{"a":0,"k":{"i":[[0,0],[0,0],[1.666,2.667],[2.8,1.467],[3.466,0],[2.833,-1.5],[1.8,-2.666],[0.333,-3.666],[0,0],[-0.934,1.5],[-1.6,0.8],[-1.934,0],[-2,-1.766],[0,-3.2],[0,0]],"o":[[0,0],[0,-3.733],[-1.667,-2.666],[-2.8,-1.466],[-3.4,0],[-2.834,1.5],[-1.8,2.667],[0,0],[0,-2.133],[0.933,-1.5],[1.6,-0.8],[2.933,0],[2,1.767],[0,0],[0,0]],"v":[[80.9,0],[80.9,-31],[78.4,-40.6],[71.7,-46.8],[62.3,-49],[52.95,-46.75],[46,-40.5],[42.8,-31],[49,-28.6],[50.4,-34.05],[54.2,-37.5],[59.5,-38.7],[66.9,-36.05],[69.9,-28.6],[69.9,0]],"c":true},"ix":2},"nm":"m","mn":"ADBE Vector Shape - Group","hd":false}],"nm":"m","np":6,"cix":2,"bm":0,"ix":1,"mn":"ADBE Vector Group","hd":false}]},"fFamily":"Outfit"},{"ch":" ","size":72,"style":"Medium","w":20,"data":{},"fFamily":"Outfit"},{"ch":"B","size":72,"style":"Medium","w":62.2,"data":{"shapes":[{"ty":"gr","it":[{"ind":0,"ty":"sh","ix":1,"ks":{"a":0,"k":{"i":[[0,0],[-3.434,1.834],[-1.767,3],[0,3.6],[2.466,3.267],[4.4,1.8],[0,0],[-2.034,2.8],[0,3.667],[1.533,2.734],[3.133,1.734],[4.733,0],[0,0],[0,0],[0,0],[-1.8,-1.533],[0,-3],[1.8,-1.533],[3,0],[0,0],[0,0],[0,0],[-1.667,-1],[-0.867,-1.666],[0,-1.933],[1.933,-2.2],[3.533,0],[0,0],[0,0]],"o":[[5,0],[3.433,-1.833],[1.766,-3],[0,-4.4],[-2.467,-3.266],[0,0],[3.933,-1.733],[2.033,-2.8],[0,-3.133],[-1.534,-2.733],[-3.134,-1.733],[0,0],[0,0],[0,0],[3,0],[1.8,1.534],[0,3],[-1.8,1.534],[0,0],[0,0],[0,0],[2.333,0],[1.666,1],[0.866,1.667],[0,2.867],[-1.934,2.2],[0,0],[0,0],[0,0]],"v":[[35.1,0],[47.75,-2.75],[55.55,-10],[58.2,-19.9],[54.5,-31.4],[44.2,-39],[43.3,-35.4],[52.25,-42.2],[55.3,-51.9],[53,-60.7],[46,-67.4],[34.2,-70],[15.5,-70],[15.5,-60],[33.9,-60],[41.1,-57.7],[43.8,-50.9],[41.1,-44.1],[33.9,-41.8],[15.5,-41.8],[15.5,-31.8],[35.6,-31.8],[41.6,-30.3],[45.4,-26.3],[46.7,-20.9],[43.8,-13.3],[35.6,-10],[15.5,-10],[15.5,0]],"c":true},"ix":2},"nm":"B","mn":"ADBE Vector Shape - Group","hd":false},{"ind":1,"ty":"sh","ix":2,"ks":{"a":0,"k":{"i":[[0,0],[0,0],[0,0],[0,0]],"o":[[0,0],[0,0],[0,0],[0,0]],"v":[[19.1,0],[19.1,-70],[7.6,-70],[7.6,0]],"c":true},"ix":2},"nm":"B","mn":"ADBE Vector Shape - Group","hd":false}],"nm":"B","np":5,"cix":2,"bm":0,"ix":1,"mn":"ADBE Vector Group","hd":false}]},"fFamily":"Outfit"},{"ch":"u","size":72,"style":"Medium","w":51.7,"data":{"shapes":[{"ty":"gr","it":[{"ind":0,"ty":"sh","ix":1,"ks":{"a":0,"k":{"i":[[-3.134,1.766],[-1.767,3.167],[0,4.2],[0,0],[0,0],[0,0],[1.7,-1.9],[3.2,0],[1.5,0.867],[0.766,1.634],[0,2.334],[0,0],[0,0],[0,0],[-1.767,-3.166],[-3.167,-1.8],[-4.067,0]],"o":[[3.133,-1.766],[1.766,-3.166],[0,0],[0,0],[0,0],[0,3.534],[-1.7,1.9],[-2.067,0],[-1.5,-0.866],[-0.767,-1.633],[0,0],[0,0],[0,0],[0,4.134],[1.766,3.167],[3.166,1.8],[4.133,0]],"v":[[36.7,-1.65],[44.05,-9.05],[46.7,-20.1],[46.7,-48],[35.7,-48],[35.7,-20.6],[33.15,-12.45],[25.8,-9.6],[20.45,-10.9],[17.05,-14.65],[15.9,-20.6],[15.9,-48],[4.9,-48],[4.9,-20.1],[7.55,-9.15],[14.95,-1.7],[25.8,1]],"c":true},"ix":2},"nm":"u","mn":"ADBE Vector Shape - Group","hd":false}],"nm":"u","np":3,"cix":2,"bm":0,"ix":1,"mn":"ADBE Vector Group","hd":false}]},"fFamily":"Outfit"},{"ch":"s","size":72,"style":"Medium","w":43,"data":{"shapes":[{"ty":"gr","it":[{"ind":0,"ty":"sh","ix":1,"ks":{"a":0,"k":{"i":[[-3.267,2.734],[0,4.667],[1.2,1.834],[1.9,1.1],[2.1,0.634],[1.9,0.534],[1.2,0.734],[0,1.334],[-1.2,0.667],[-2.2,0],[-1.8,-0.866],[-1.4,-1.733],[0,0],[2.966,1.367],[3.866,0],[2.633,-1.2],[1.433,-2.2],[0,-3.066],[-1.2,-1.8],[-1.9,-1.033],[-2.1,-0.6],[-1.9,-0.566],[-1.2,-0.8],[0,-1.466],[1.266,-0.733],[2.466,0],[2.166,0.967],[1.666,1.934],[0,0],[-2.067,-1.3],[-2.467,-0.7],[-2.667,0]],"o":[[3.266,-2.733],[0,-2.933],[-1.2,-1.833],[-1.9,-1.1],[-2.1,-0.633],[-1.9,-0.533],[-1.2,-0.733],[0,-1.266],[1.2,-0.666],[2.333,0],[1.8,0.867],[0,0],[-2,-2.733],[-2.967,-1.366],[-3.667,0],[-2.634,1.2],[-1.434,2.2],[0,2.867],[1.2,1.8],[1.9,1.034],[2.1,0.6],[1.9,0.567],[1.2,0.8],[0,1.4],[-1.267,0.734],[-2.734,0],[-2.167,-0.966],[0,0],[1.533,1.867],[2.066,1.3],[2.466,0.7],[5.6,0]],"v":[[35.1,-3.1],[40,-14.2],[38.2,-21.35],[33.55,-25.75],[27.55,-28.35],[21.55,-30.1],[16.9,-32],[15.1,-35.1],[16.9,-38],[22,-39],[28.2,-37.7],[33,-33.8],[40,-40.8],[32.55,-46.95],[22.3,-49],[12.85,-47.2],[6.75,-42.1],[4.6,-34.2],[6.4,-27.2],[11.05,-22.95],[17.05,-20.5],[23.05,-18.75],[27.7,-16.7],[29.5,-13.3],[27.6,-10.1],[22,-9],[14.65,-10.45],[8.9,-14.8],[1.9,-7.8],[7.3,-3.05],[14.1,-0.05],[21.8,1]],"c":true},"ix":2},"nm":"s","mn":"ADBE Vector Shape - Group","hd":false}],"nm":"s","np":3,"cix":2,"bm":0,"ix":1,"mn":"ADBE Vector Group","hd":false}]},"fFamily":"Outfit"},{"ch":"i","size":72,"style":"Medium","w":23.4,"data":{"shapes":[{"ty":"gr","it":[{"ind":0,"ty":"sh","ix":1,"ks":{"a":0,"k":{"i":[[0,0],[0,0],[0,0],[0,0]],"o":[[0,0],[0,0],[0,0],[0,0]],"v":[[17.2,0],[17.2,-48],[6.2,-48],[6.2,0]],"c":true},"ix":2},"nm":"i","mn":"ADBE Vector Shape - Group","hd":false},{"ind":1,"ty":"sh","ix":2,"ks":{"a":0,"k":{"i":[[-1.2,1.267],[0,1.867],[1.2,1.267],[1.933,0],[1.233,-1.266],[0,-1.866],[-1.234,-1.266],[-1.867,0]],"o":[[1.2,-1.266],[0,-1.866],[-1.2,-1.266],[-1.867,0],[-1.234,1.267],[0,1.867],[1.233,1.267],[1.933,0]],"v":[[16.4,-58.7],[18.2,-63.4],[16.4,-68.1],[11.7,-70],[7.05,-68.1],[5.2,-63.4],[7.05,-58.7],[11.7,-56.8]],"c":true},"ix":2},"nm":"i","mn":"ADBE Vector Shape - Group","hd":false}],"nm":"i","np":5,"cix":2,"bm":0,"ix":1,"mn":"ADBE Vector Group","hd":false}]},"fFamily":"Outfit"},{"ch":"n","size":72,"style":"Medium","w":55.1,"data":{"shapes":[{"ty":"gr","it":[{"ind":0,"ty":"sh","ix":1,"ks":{"a":0,"k":{"i":[[0,0],[0,0],[1.6,2.9],[2.8,1.834],[3.6,0],[2.833,-1.633],[1.6,-2.833],[0,-3.666],[0,0],[-0.934,1.667],[-1.667,0.934],[-2.134,0],[-2.034,-2.066],[0,-3.2],[0,0]],"o":[[0,0],[0,-3.133],[-1.6,-2.9],[-2.8,-1.833],[-3.534,0],[-2.834,1.634],[-1.6,2.834],[0,0],[0,-2.133],[0.933,-1.666],[1.666,-0.933],[3.2,0],[2.033,2.067],[0,0],[0,0]],"v":[[50,0],[50,-30.1],[47.6,-39.15],[41,-46.25],[31.4,-49],[21.85,-46.55],[15.2,-39.85],[12.8,-30.1],[17.1,-27.7],[18.5,-33.4],[22.4,-37.3],[28.1,-38.7],[35.95,-35.6],[39,-27.7],[39,0]],"c":true},"ix":2},"nm":"n","mn":"ADBE Vector Shape - Group","hd":false},{"ind":1,"ty":"sh","ix":2,"ks":{"a":0,"k":{"i":[[0,0],[0,0],[0,0],[0,0]],"o":[[0,0],[0,0],[0,0],[0,0]],"v":[[17.1,0],[17.1,-48],[6.1,-48],[6.1,0]],"c":true},"ix":2},"nm":"n","mn":"ADBE Vector Shape - Group","hd":false}],"nm":"n","np":5,"cix":2,"bm":0,"ix":1,"mn":"ADBE Vector Group","hd":false}]},"fFamily":"Outfit"},{"ch":"S","size":72,"style":"Medium","w":53.8,"data":{"shapes":[{"ty":"gr","it":[{"ind":0,"ty":"sh","ix":1,"ks":{"a":0,"k":{"i":[[-4.434,3.667],[0,6.267],[1.2,2.467],[1.966,1.567],[2.366,1],[2.366,0.8],[1.966,0.9],[1.2,1.3],[0,2.134],[-1.967,1.4],[-3.467,0],[-2.167,-1.1],[-2,-2.266],[0,0],[3.633,1.8],[4.6,0],[3.466,-1.533],[2.033,-2.9],[0,-4.133],[-1.2,-2.333],[-1.967,-1.466],[-2.367,-0.966],[-2.367,-0.766],[-1.967,-0.966],[-1.2,-1.466],[0,-2.333],[2.3,-1.6],[3.866,0],[2.666,1.567],[1.933,2.8],[0,0],[-3.867,-2],[-5.534,0]],"o":[[4.433,-3.666],[0,-3.733],[-1.2,-2.466],[-1.967,-1.566],[-2.367,-1],[-2.367,-0.8],[-1.967,-0.9],[-1.2,-1.3],[0,-2.533],[1.966,-1.4],[2.8,0],[2.166,1.1],[0,0],[-2.267,-2.8],[-3.634,-1.8],[-4.267,0],[-3.467,1.534],[-2.034,2.9],[0,3.6],[1.2,2.334],[1.966,1.467],[2.366,0.967],[2.366,0.767],[1.966,0.967],[1.2,1.467],[0,2.8],[-2.3,1.6],[-4.134,0],[-2.667,-1.566],[0,0],[3.066,3.867],[3.866,2],[7.533,0]],"v":[[45.05,-4.5],[51.7,-19.4],[49.9,-28.7],[45.15,-34.75],[38.65,-38.6],[31.55,-41.3],[25.05,-43.85],[20.3,-47.15],[18.5,-52.3],[21.45,-58.2],[29.6,-60.3],[37.05,-58.65],[43.3,-53.6],[51.1,-61.4],[42.25,-68.3],[29.9,-71],[18.3,-68.7],[10.05,-62.05],[7,-51.5],[8.8,-42.6],[13.55,-36.9],[20.05,-33.25],[27.15,-30.65],[33.65,-28.05],[38.4,-24.4],[40.2,-18.7],[36.75,-12.1],[27.5,-9.7],[17.3,-12.05],[10.4,-18.6],[2.6,-10.8],[13,-2],[27.1,1]],"c":true},"ix":2},"nm":"S","mn":"ADBE Vector Shape - Group","hd":false}],"nm":"S","np":3,"cix":2,"bm":0,"ix":1,"mn":"ADBE Vector Group","hd":false}]},"fFamily":"Outfit"},{"ch":"c","size":72,"style":"Medium","w":47.7,"data":{"shapes":[{"ty":"gr","it":[{"ind":0,"ty":"sh","ix":1,"ks":{"a":0,"k":{"i":[[-3.234,1.433],[-2.267,2.667],[0,0],[1.966,-0.833],[2.333,0],[2.1,1.234],[1.166,2.167],[0,2.8],[-1.167,2.134],[-2.1,1.234],[-2.734,0],[-1.967,-0.833],[-1.4,-1.666],[0,0],[3.233,1.434],[3.733,0],[3.833,-2.2],[2.2,-3.766],[0,-4.733],[-2.2,-3.8],[-3.834,-2.2],[-4.734,0]],"o":[[3.233,-1.433],[0,0],[-1.4,1.667],[-1.967,0.834],[-2.734,0],[-2.1,-1.233],[-1.167,-2.166],[0,-2.866],[1.166,-2.133],[2.1,-1.233],[2.333,0],[1.966,0.834],[0,0],[-2.267,-2.666],[-3.234,-1.433],[-4.734,0],[-3.834,2.2],[-2.2,3.767],[0,4.667],[2.2,3.8],[3.833,2.2],[3.733,0]],"v":[[38.65,-1.15],[46.9,-7.3],[39.7,-14.6],[34.65,-10.85],[28.2,-9.6],[20.95,-11.45],[16.05,-16.55],[14.3,-24],[16.05,-31.5],[20.95,-36.55],[28.2,-38.4],[34.65,-37.15],[39.7,-33.4],[46.9,-40.7],[38.65,-46.85],[28.2,-49],[15.35,-45.7],[6.3,-36.75],[3,-24],[6.3,-11.3],[15.35,-2.3],[28.2,1]],"c":true},"ix":2},"nm":"c","mn":"ADBE Vector Shape - Group","hd":false}],"nm":"c","np":3,"cix":2,"bm":0,"ix":1,"mn":"ADBE Vector Group","hd":false}]},"fFamily":"Outfit"},{"ch":"y","size":72,"style":"Medium","w":50,"data":{"shapes":[{"ty":"gr","it":[{"ind":0,"ty":"sh","ix":1,"ks":{"a":0,"k":{"i":[[0,0],[0,0],[0,0],[0,0],[0,0],[0,0],[0,0],[0,0]],"o":[[0,0],[0,0],[0,0],[0,0],[0,0],[0,0],[0,0],[0,0]],"v":[[28.4,0.5],[50.7,-48],[38.5,-48],[23.7,-12.4],[27.2,-12.4],[13.2,-48],[1.1,-48],[21.6,0.5]],"c":true},"ix":2},"nm":"y","mn":"ADBE Vector Shape - Group","hd":false},{"ind":1,"ty":"sh","ix":2,"ks":{"a":0,"k":{"i":[[0,0],[0,0],[0,0],[0,0]],"o":[[0,0],[0,0],[0,0],[0,0]],"v":[[19.5,20],[28.4,0.5],[22.2,-10.7],[7.3,20]],"c":true},"ix":2},"nm":"y","mn":"ADBE Vector Shape - Group","hd":false}],"nm":"y","np":5,"cix":2,"bm":0,"ix":1,"mn":"ADBE Vector Group","hd":false}]},"fFamily":"Outfit"},{"ch":"P","size":72,"style":"Medium","w":59.6,"data":{"shapes":[{"ty":"gr","it":[{"ind":0,"ty":"sh","ix":1,"ks":{"a":0,"k":{"i":[[0,0],[-3.5,1.8],[-2.034,3.267],[0,4.4],[2.033,3.267],[3.5,1.8],[4.4,0],[0,0],[0,0],[0,0],[-1.834,-0.966],[-1.067,-1.766],[0,-2.4],[1.066,-1.766],[1.833,-0.966],[2.4,0],[0,0],[0,0]],"o":[[4.4,0],[3.5,-1.8],[2.033,-3.266],[0,-4.4],[-2.034,-3.266],[-3.5,-1.8],[0,0],[0,0],[0,0],[2.4,0],[1.833,0.967],[1.066,1.767],[0,2.4],[-1.067,1.767],[-1.834,0.967],[0,0],[0,0],[0,0]],"v":[[33.6,-26.4],[45.45,-29.1],[53.75,-36.7],[56.8,-48.2],[53.75,-59.7],[45.45,-67.3],[33.6,-70],[15.5,-70],[15.5,-60],[33,-60],[39.35,-58.55],[43.7,-54.45],[45.3,-48.2],[43.7,-41.95],[39.35,-37.85],[33,-36.4],[15.5,-36.4],[15.5,-26.4]],"c":true},"ix":2},"nm":"P","mn":"ADBE Vector Shape - Group","hd":false},{"ind":1,"ty":"sh","ix":2,"ks":{"a":0,"k":{"i":[[0,0],[0,0],[0,0],[0,0]],"o":[[0,0],[0,0],[0,0],[0,0]],"v":[[19.1,0],[19.1,-70],[7.6,-70],[7.6,0]],"c":true},"ix":2},"nm":"P","mn":"ADBE Vector Shape - Group","hd":false}],"nm":"P","np":5,"cix":2,"bm":0,"ix":1,"mn":"ADBE Vector Group","hd":false}]},"fFamily":"Outfit"},{"ch":"l","size":72,"style":"Medium","w":23.2,"data":{"shapes":[{"ty":"gr","it":[{"ind":0,"ty":"sh","ix":1,"ks":{"a":0,"k":{"i":[[0,0],[0,0],[0,0],[0,0]],"o":[[0,0],[0,0],[0,0],[0,0]],"v":[[17.1,0],[17.1,-72],[6.1,-72],[6.1,0]],"c":true},"ix":2},"nm":"l","mn":"ADBE Vector Shape - Group","hd":false}],"nm":"l","np":3,"cix":2,"bm":0,"ix":1,"mn":"ADBE Vector Group","hd":false}]},"fFamily":"Outfit"}]}